mother	embryo	het_sites_total	het_sites_mismatch	het_match_percentage	hom_sites_total	hom_sites_mismatch	hom_match_percentage	total_sites	total_mismatch	total_match_percentage
MGoldgelb_589458	MGoldgelb_589458_a	16795	478	97.2	4211	192	95.4	21006	670	96.8
MGoldgelb_589458	MGoldgelb_589458_e1	15427	2903	81.2	5965	2371	60.3	21392	5274	75.3
MGoldgelb_589458	MGoldgelb_589458_e10	37	29	21.6	21	18	14.3	58	47	19.0
MGoldgelb_589458	MGoldgelb_589458_e11	0	0	NA	1	1	0.0	1	1	0.0
MGoldgelb_589458	MGoldgelb_589458_e12	53	28	47.2	49	40	18.4	102	68	33.3
MGoldgelb_589458	MGoldgelb_589458_e13	0	0	NA	0	0	NA	0	0	NA
MGoldgelb_589458	MGoldgelb_589458_e14	9890	2357	76.2	6801	4764	30.0	16691	7121	57.3
MGoldgelb_589458	MGoldgelb_589458_e15	1594	278	82.6	1314	1019	22.5	2908	1297	55.4
MGoldgelb_589458	MGoldgelb_589458_e16	11	10	9.1	14	12	14.3	25	22	12.0
MGoldgelb_589458	MGoldgelb_589458_e17	19595	4314	78.0	9265	5129	44.6	28860	9443	67.3
MGoldgelb_589458	MGoldgelb_589458_e18	58	31	46.6	50	44	12.0	108	75	30.6
MGoldgelb_589458	MGoldgelb_589458_e19	741	132	82.2	235	103	56.2	976	235	75.9
MGoldgelb_589458	MGoldgelb_589458_e2	3377	534	84.2	1684	964	42.8	5061	1498	70.4
MGoldgelb_589458	MGoldgelb_589458_e20	0	0	NA	0	0	NA	0	0	NA
MGoldgelb_589458	MGoldgelb_589458_e21	99	35	64.6	26	5	80.8	125	40	68.0
MGoldgelb_589458	MGoldgelb_589458_e22	90	25	72.2	78	62	20.5	168	87	48.2
MGoldgelb_589458	MGoldgelb_589458_e23	17982	3533	80.4	8190	4398	46.3	26172	7931	69.7
MGoldgelb_589458	MGoldgelb_589458_e3	123	38	69.1	77	33	57.1	200	71	64.5
MGoldgelb_589458	MGoldgelb_589458_e4	340	75	77.9	128	77	39.8	468	152	67.5
MGoldgelb_589458	MGoldgelb_589458_e5	0	0	NA	1	1	0.0	1	1	0.0
MGoldgelb_589458	MGoldgelb_589458_e6	7080	1253	82.3	2661	714	73.2	9741	1967	79.8
MGoldgelb_589458	MGoldgelb_589458_e7	305	96	68.5	169	89	47.3	474	185	61.0
MGoldgelb_589458	MGoldgelb_589458_e8	246	76	69.1	78	46	41.0	324	122	62.3
MGoldgelb_589458	MGoldgelb_589458_e9	57	30	47.4	17	11	35.3	74	41	44.6
MGoldgelb_589458	MGoldgelb_589458_sim_e1	9	0	100.0	3	0	100.0	12	0	100.0
MGoldgelb_589458	MGoldgelb_589458_sim_e2	15	1	93.3	1	0	100.0	16	1	93.8
MGoldgelb_589458	MGoldgelb_589458_sim_e3	14	2	85.7	2	0	100.0	16	2	87.5
MGoldgelb_589458	MGoldgelb_589458_sim_e4	5004	80	98.4	805	2	99.8	5809	82	98.6
MGoldgelb_589458	MGoldgelb_589458_sim_e5	5150	61	98.8	761	0	100.0	5911	61	99.0
MGoldgelb_589458	MGoldgelb_589458_sim_e6	5072	69	98.6	761	3	99.6	5833	72	98.8
MHenryFDupont_589732	MHenryFDupont_589732_a	7	2	71.4	1	0	100.0	8	2	75.0
MHenryFDupont_589732	MHenryFDupont_589732_b	15	3	80.0	8	2	75.0	23	5	78.3
MHenryFDupont_589732	MHenryFDupont_589732_e1	2202	604	72.6	2026	1019	49.7	4228	1623	61.6
MHenryFDupont_589732	MHenryFDupont_589732_e10	7954	2086	73.8	5852	2245	61.6	13806	4331	68.6
MHenryFDupont_589732	MHenryFDupont_589732_e11	1910	241	87.4	1860	1148	38.3	3770	1389	63.2
MHenryFDupont_589732	MHenryFDupont_589732_e12	19639	5688	71.0	17471	7877	54.9	37110	13565	63.4
MHenryFDupont_589732	MHenryFDupont_589732_e13	4448	1564	64.8	4256	1894	55.5	8704	3458	60.3
MHenryFDupont_589732	MHenryFDupont_589732_e14	9909	3800	61.7	7539	2899	61.5	17448	6699	61.6
MHenryFDupont_589732	MHenryFDupont_589732_e15	627	123	80.4	498	229	54.0	1125	352	68.7
MHenryFDupont_589732	MHenryFDupont_589732_e16	3456	650	81.2	3300	1782	46.0	6756	2432	64.0
MHenryFDupont_589732	MHenryFDupont_589732_e17	5604	697	87.6	4994	3286	34.2	10598	3983	62.4
MHenryFDupont_589732	MHenryFDupont_589732_e18	828	269	67.5	806	359	55.5	1634	628	61.6
MHenryFDupont_589732	MHenryFDupont_589732_e19	12434	2825	77.3	11620	5363	53.8	24054	8188	66.0
MHenryFDupont_589732	MHenryFDupont_589732_e2	7321	1029	85.9	6383	3488	45.4	13704	4517	67.0
MHenryFDupont_589732	MHenryFDupont_589732_e20	3443	794	76.9	2951	1393	52.8	6394	2187	65.8
MHenryFDupont_589732	MHenryFDupont_589732_e21	1222	269	78.0	1171	652	44.3	2393	921	61.5
MHenryFDupont_589732	MHenryFDupont_589732_e22	6013	1391	76.9	5485	2316	57.8	11498	3707	67.8
MHenryFDupont_589732	MHenryFDupont_589732_e3	5771	1235	78.6	4759	2017	57.6	10530	3252	69.1
MHenryFDupont_589732	MHenryFDupont_589732_e4	2305	643	72.1	1859	851	54.2	4164	1494	64.1
MHenryFDupont_589732	MHenryFDupont_589732_e5	5036	1467	70.9	4417	2231	49.5	9453	3698	60.9
MHenryFDupont_589732	MHenryFDupont_589732_e6	8868	2968	66.5	8553	3996	53.3	17421	6964	60.0
MHenryFDupont_589732	MHenryFDupont_589732_e7	596	199	66.6	574	269	53.1	1170	468	60.0
MHenryFDupont_589732	MHenryFDupont_589732_e8	1154	254	78.0	1030	513	50.2	2184	767	64.9
MHenryFDupont_589732	MHenryFDupont_589732_e9	294	59	79.9	230	148	35.7	524	207	60.5
MHenryFDupont_589732	MHenryFDupont_589732_sim_e1	84	4	95.2	24	0	100.0	108	4	96.3
MHenryFDupont_589732	MHenryFDupont_589732_sim_e2	71	2	97.2	17	0	100.0	88	2	97.7
MHenryFDupont_589732	MHenryFDupont_589732_sim_e3	92	5	94.6	20	0	100.0	112	5	95.5
MHenryFDupont_589732	MHenryFDupont_589732_sim_e4	14811	214	98.6	5121	3	99.9	19932	217	98.9
MHenryFDupont_589732	MHenryFDupont_589732_sim_e5	14534	160	98.9	5072	10	99.8	19606	170	99.1
MHenryFDupont_589732	MHenryFDupont_589732_sim_e6	14748	175	98.8	5179	8	99.8	19927	183	99.1
MMcClintockGrimes_589124	MMcClintockGrimes_589124_a	5678	139	97.6	2388	47	98.0	8066	186	97.7
MMcClintockGrimes_589124	MMcClintockGrimes_589124_e1	12231	3011	75.4	8515	3770	55.7	20746	6781	67.3
MMcClintockGrimes_589124	MMcClintockGrimes_589124_e10	1330	404	69.6	2463	2015	18.2	3793	2419	36.2
MMcClintockGrimes_589124	MMcClintockGrimes_589124_e11	20898	5583	73.3	19031	10719	43.7	39929	16302	59.2
MMcClintockGrimes_589124	MMcClintockGrimes_589124_e12	0	0	NA	0	0	NA	0	0	NA
MMcClintockGrimes_589124	MMcClintockGrimes_589124_e13	28533	7802	72.7	59763	49106	17.8	88296	56908	35.5
MMcClintockGrimes_589124	MMcClintockGrimes_589124_e14	179	53	70.4	361	305	15.5	540	358	33.7
MMcClintockGrimes_589124	MMcClintockGrimes_589124_e15	6555	1415	78.4	6710	4176	37.8	13265	5591	57.9
MMcClintockGrimes_589124	MMcClintockGrimes_589124_e16	1409	341	75.8	1025	579	43.5	2434	920	62.2
MMcClintockGrimes_589124	MMcClintockGrimes_589124_e17	0	0	NA	0	0	NA	0	0	NA
MMcClintockGrimes_589124	MMcClintockGrimes_589124_e18	4263	900	78.9	4330	2792	35.5	8593	3692	57.0
MMcClintockGrimes_589124	MMcClintockGrimes_589124_e19	20178	5224	74.1	50484	43461	13.9	70662	48685	31.1
MMcClintockGrimes_589124	MMcClintockGrimes_589124_e2	6310	1844	70.8	5231	2687	48.6	11541	4531	60.7
MMcClintockGrimes_589124	MMcClintockGrimes_589124_e3	558	129	76.9	496	299	39.7	1054	428	59.4
MMcClintockGrimes_589124	MMcClintockGrimes_589124_e4	0	0	NA	0	0	NA	0	0	NA
MMcClintockGrimes_589124	MMcClintockGrimes_589124_e5	3251	1125	65.4	2803	1508	46.2	6054	2633	56.5
MMcClintockGrimes_589124	MMcClintockGrimes_589124_e6	21291	5143	75.8	21272	13770	35.3	42563	18913	55.6
MMcClintockGrimes_589124	MMcClintockGrimes_589124_e7	31002	5603	81.9	20048	11206	44.1	51050	16809	67.1
MMcClintockGrimes_589124	MMcClintockGrimes_589124_e8	4299	1075	75.0	4146	2517	39.3	8445	3592	57.5
MMcClintockGrimes_589124	MMcClintockGrimes_589124_e9	8630	2157	75.0	18898	15957	15.6	27528	18114	34.2
MMcClintockGrimes_589124	MMcClintockGrimes_589124_sim_e1	77	3	96.1	15	0	100.0	92	3	96.7
MMcClintockGrimes_589124	MMcClintockGrimes_589124_sim_e2	81	3	96.3	17	0	100.0	98	3	96.9
MMcClintockGrimes_589124	MMcClintockGrimes_589124_sim_e3	82	1	98.8	12	0	100.0	94	1	98.9
MMcClintockGrimes_589124	MMcClintockGrimes_589124_sim_e4	10398	148	98.6	2811	2	99.9	13209	150	98.9
MMcClintockGrimes_589124	MMcClintockGrimes_589124_sim_e5	10410	139	98.7	2812	2	99.9	13222	141	98.9
MMcClintockGrimes_589124	MMcClintockGrimes_589124_sim_e6	10325	151	98.5	2819	4	99.9	13144	155	98.8
MRalphShay_589734	MRalphShay_589734_a	22941	582	97.5	5930	115	98.1	28871	697	97.6
MRalphShay_589734	MRalphShay_589734_b	16629	365	97.8	4309	81	98.1	20938	446	97.9
MRalphShay_589734	MRalphShay_589734_c	27765	596	97.9	7121	126	98.2	34886	722	97.9
MRalphShay_589734	MRalphShay_589734_e1	5180	976	81.2	3230	1744	46.0	8410	2720	67.7
MRalphShay_589734	MRalphShay_589734_e10	575	141	75.5	455	207	54.5	1030	348	66.2
MRalphShay_589734	MRalphShay_589734_e11	5518	868	84.3	3765	2261	39.9	9283	3129	66.3
MRalphShay_589734	MRalphShay_589734_e12	5608	873	84.4	4076	2441	40.1	9684	3314	65.8
MRalphShay_589734	MRalphShay_589734_e13	5233	1080	79.4	4526	2498	44.8	9759	3578	63.3
MRalphShay_589734	MRalphShay_589734_e14	3208	748	76.7	2226	1184	46.8	5434	1932	64.4
MRalphShay_589734	MRalphShay_589734_e15	7108	2455	65.5	5781	3537	38.8	12889	5992	53.5
MRalphShay_589734	MRalphShay_589734_e16	8272	1362	83.5	5105	2914	42.9	13377	4276	68.0
MRalphShay_589734	MRalphShay_589734_e17	433	109	74.8	379	178	53.0	812	287	64.7
MRalphShay_589734	MRalphShay_589734_e18	1880	474	74.8	1472	767	47.9	3352	1241	63.0
MRalphShay_589734	MRalphShay_589734_e19	5806	701	87.9	3229	1918	40.6	9035	2619	71.0
MRalphShay_589734	MRalphShay_589734_e2	2460	648	73.7	1932	1067	44.8	4392	1715	61.0
MRalphShay_589734	MRalphShay_589734_e20	6277	880	86.0	3647	1822	50.0	9924	2702	72.8
MRalphShay_589734	MRalphShay_589734_e21	12786	3642	71.5	7016	3365	52.0	19802	7007	64.6
MRalphShay_589734	MRalphShay_589734_e22	4080	1360	66.7	2723	1415	48.0	6803	2775	59.2
MRalphShay_589734	MRalphShay_589734_e3	6764	2306	65.9	2143	38	98.2	8907	2344	73.7
MRalphShay_589734	MRalphShay_589734_e4	14405	2738	81.0	10856	5716	47.3	25261	8454	66.5
MRalphShay_589734	MRalphShay_589734_e6	6208	1316	78.8	4727	2550	46.1	10935	3866	64.6
MRalphShay_589734	MRalphShay_589734_e7	3332	585	82.4	2643	1501	43.2	5975	2086	65.1
MRalphShay_589734	MRalphShay_589734_e8	9017	1697	81.2	7217	3891	46.1	16234	5588	65.6
MRalphShay_589734	MRalphShay_589734_e9	817	179	78.1	604	362	40.1	1421	541	61.9
MRalphShay_589734	MRalphShay_589734_sim_e1	67	5	92.5	7	0	100.0	74	5	93.2
MRalphShay_589734	MRalphShay_589734_sim_e2	70	4	94.3	9	0	100.0	79	4	94.9
MRalphShay_589734	MRalphShay_589734_sim_e3	69	1	98.6	8	0	100.0	77	1	98.7
MRalphShay_589734	MRalphShay_589734_sim_e4	13339	146	98.9	2510	3	99.9	15849	149	99.1
MRalphShay_589734	MRalphShay_589734_sim_e5	13508	157	98.8	2490	4	99.8	15998	161	99.0
MRalphShay_589734	MRalphShay_589734_sim_e6	13402	135	99.0	2607	7	99.7	16009	142	99.1
MRobinson_589455	MRobinson_589455_a	22084	528	97.6	15563	217	98.6	37647	745	98.0
MRobinson_589455	MRobinson_589455_b	12856	292	97.7	8996	134	98.5	21852	426	98.1
MRobinson_589455	MRobinson_589455_e1	2243	201	91.0	2360	25	98.9	4603	226	95.1
MRobinson_589455	MRobinson_589455_e10	593	66	88.9	634	407	35.8	1227	473	61.5
MRobinson_589455	MRobinson_589455_e11	7406	2587	65.1	7144	3194	55.3	14550	5781	60.3
MRobinson_589455	MRobinson_589455_e12	11696	3927	66.4	13658	4618	66.2	25354	8545	66.3
MRobinson_589455	MRobinson_589455_e13	11638	2966	74.5	15465	6365	58.8	27103	9331	65.6
MRobinson_589455	MRobinson_589455_e14	9602	1976	79.4	14999	8786	41.4	24601	10762	56.3
MRobinson_589455	MRobinson_589455_e15	34410	6327	81.6	54360	34474	36.6	88770	40801	54.0
MRobinson_589455	MRobinson_589455_e16	27012	8477	68.6	25215	370	98.5	52227	8847	83.1
MRobinson_589455	MRobinson_589455_e17	14826	2167	85.4	19746	12162	38.4	34572	14329	58.6
MRobinson_589455	MRobinson_589455_e18	27799	3976	85.7	43599	27174	37.7	71398	31150	56.4
MRobinson_589455	MRobinson_589455_e19	807	124	84.6	1045	661	36.7	1852	785	57.6
MRobinson_589455	MRobinson_589455_e2	2158	887	58.9	2115	27	98.7	4273	914	78.6
MRobinson_589455	MRobinson_589455_e20	13649	1769	87.0	21608	14437	33.2	35257	16206	54.0
MRobinson_589455	MRobinson_589455_e21	6467	1742	73.1	7687	3076	60.0	14154	4818	66.0
MRobinson_589455	MRobinson_589455_e22	3698	301	91.9	4836	3271	32.4	8534	3572	58.1
MRobinson_589455	MRobinson_589455_e23	25166	2821	88.8	30464	15552	48.9	55630	18373	67.0
MRobinson_589455	MRobinson_589455_e3	3453	530	84.7	3490	51	98.5	6943	581	91.6
MRobinson_589455	MRobinson_589455_e4	3009	1036	65.6	3652	1092	70.1	6661	2128	68.1
MRobinson_589455	MRobinson_589455_e5	39604	15185	61.7	46234	19878	57.0	85838	35063	59.2
MRobinson_589455	MRobinson_589455_e6	1077	325	69.8	1279	495	61.3	2356	820	65.2
MRobinson_589455	MRobinson_589455_e7	34493	9366	72.8	38137	11797	69.1	72630	21163	70.9
MRobinson_589455	MRobinson_589455_e8	10409	1206	88.4	14502	10301	29.0	24911	11507	53.8
MRobinson_589455	MRobinson_589455_e9	549	136	75.2	768	381	50.4	1317	517	60.7
MRobinson_589455	MRobinson_589455_sim_e1	60	2	96.7	20	0	100.0	80	2	97.5
MRobinson_589455	MRobinson_589455_sim_e2	48	2	95.8	23	0	100.0	71	2	97.2
MRobinson_589455	MRobinson_589455_sim_e3	39	4	89.7	21	0	100.0	60	4	93.3
MRobinson_589455	MRobinson_589455_sim_e4	10836	129	98.8	5550	8	99.9	16386	137	99.2
MRobinson_589455	MRobinson_589455_sim_e5	10815	123	98.9	5655	10	99.8	16470	133	99.2
MRobinson_589455	MRobinson_589455_sim_e6	10832	111	99.0	5656	8	99.9	16488	119	99.3
MYellowAutumnCrabapple_588922	MYellowAutumnCrabapple_588922_a	14153	379	97.3	3744	99	97.4	17897	478	97.3
MYellowAutumnCrabapple_588922	MYellowAutumnCrabapple_588922_b	9299	279	97.0	2383	62	97.4	11682	341	97.1
MYellowAutumnCrabapple_588922	MYellowAutumnCrabapple_588922_c	11017	261	97.6	2890	90	96.9	13907	351	97.5
MYellowAutumnCrabapple_588922	MYellowAutumnCrabapple_588922_e1	1825	569	68.8	1556	901	42.1	3381	1470	56.5
MYellowAutumnCrabapple_588922	MYellowAutumnCrabapple_588922_e10	8226	3635	55.8	4122	1789	56.6	12348	5424	56.1
MYellowAutumnCrabapple_588922	MYellowAutumnCrabapple_588922_e11	2176	594	72.7	1294	739	42.9	3470	1333	61.6
MYellowAutumnCrabapple_588922	MYellowAutumnCrabapple_588922_e12	21761	5664	74.0	13828	7048	49.0	35589	12712	64.3
MYellowAutumnCrabapple_588922	MYellowAutumnCrabapple_588922_e13	157	86	45.2	88	38	56.8	245	124	49.4
MYellowAutumnCrabapple_588922	MYellowAutumnCrabapple_588922_e14	26765	8278	69.1	18482	10417	43.6	45247	18695	58.7
MYellowAutumnCrabapple_588922	MYellowAutumnCrabapple_588922_e15	25300	10837	57.2	12224	5371	56.1	37524	16208	56.8
MYellowAutumnCrabapple_588922	MYellowAutumnCrabapple_588922_e17	165	71	57.0	91	37	59.3	256	108	57.8
MYellowAutumnCrabapple_588922	MYellowAutumnCrabapple_588922_e18	3189	753	76.4	2429	1417	41.7	5618	2170	61.4
MYellowAutumnCrabapple_588922	MYellowAutumnCrabapple_588922_e19	27336	6876	74.8	21664	12697	41.4	49000	19573	60.1
MYellowAutumnCrabapple_588922	MYellowAutumnCrabapple_588922_e2	33953	5472	83.9	24000	14094	41.3	57953	19566	66.2
MYellowAutumnCrabapple_588922	MYellowAutumnCrabapple_588922_e20	4240	948	77.6	3145	1688	46.3	7385	2636	64.3
MYellowAutumnCrabapple_588922	MYellowAutumnCrabapple_588922_e21	7090	2897	59.1	4493	2068	54.0	11583	4965	57.1
MYellowAutumnCrabapple_588922	MYellowAutumnCrabapple_588922_e22	12448	5832	53.1	7961	4203	47.2	20409	10035	50.8
MYellowAutumnCrabapple_588922	MYellowAutumnCrabapple_588922_e23	13279	3010	77.3	11365	6713	40.9	24644	9723	60.5
MYellowAutumnCrabapple_588922	MYellowAutumnCrabapple_588922_e3	8	3	62.5	2	2	0.0	10	5	50.0
MYellowAutumnCrabapple_588922	MYellowAutumnCrabapple_588922_e4	160	50	68.8	112	56	50.0	272	106	61.0
MYellowAutumnCrabapple_588922	MYellowAutumnCrabapple_588922_e5	2739	841	69.3	1683	834	50.4	4422	1675	62.1
MYellowAutumnCrabapple_588922	MYellowAutumnCrabapple_588922_e6	23635	4858	79.4	16207	9001	44.5	39842	13859	65.2
MYellowAutumnCrabapple_588922	MYellowAutumnCrabapple_588922_e7	3752	899	76.0	2376	1198	49.6	6128	2097	65.8
MYellowAutumnCrabapple_588922	MYellowAutumnCrabapple_588922_e8	0	0	NA	1	1	0.0	1	1	0.0
MYellowAutumnCrabapple_588922	MYellowAutumnCrabapple_588922_e9	4872	815	83.3	3157	1650	47.7	8029	2465	69.3
MYellowAutumnCrabapple_588922	MYellowAutumnCrabapple_588922_sim_e1	79	6	92.4	14	0	100.0	93	6	93.5
MYellowAutumnCrabapple_588922	MYellowAutumnCrabapple_588922_sim_e2	77	1	98.7	21	0	100.0	98	1	99.0
MYellowAutumnCrabapple_588922	MYellowAutumnCrabapple_588922_sim_e3	64	3	95.3	14	0	100.0	78	3	96.2
MYellowAutumnCrabapple_588922	MYellowAutumnCrabapple_588922_sim_e4	15558	193	98.8	3102	6	99.8	18660	199	98.9
MYellowAutumnCrabapple_588922	MYellowAutumnCrabapple_588922_sim_e5	15809	164	99.0	3254	4	99.9	19063	168	99.1
MYellowAutumnCrabapple_588922	MYellowAutumnCrabapple_588922_sim_e6	15581	169	98.9	3139	4	99.9	18720	173	99.1
Mcoronaria_589344	Mcoronaria_589344_a	6316	305	95.2	11692	75	99.4	18008	380	97.9
Mcoronaria_589344	Mcoronaria_589344_b	8533	442	94.8	16452	106	99.4	24985	548	97.8
Mcoronaria_589344	Mcoronaria_589344_c	10338	476	95.4	19511	103	99.5	29849	579	98.1
Mcoronaria_589344	Mcoronaria_589344_e1	9102	1035	88.6	20288	838	95.9	29390	1873	93.6
Mcoronaria_589344	Mcoronaria_589344_e10	10386	898	91.4	18707	130	99.3	29093	1028	96.5
Mcoronaria_589344	Mcoronaria_589344_e11	2477	439	82.3	4970	37	99.3	7447	476	93.6
Mcoronaria_589344	Mcoronaria_589344_e12	10836	1284	88.2	23243	996	95.7	34079	2280	93.3
Mcoronaria_589344	Mcoronaria_589344_e13	421	31	92.6	857	1	99.9	1278	32	97.5
Mcoronaria_589344	Mcoronaria_589344_e14	12659	1291	89.8	26283	175	99.3	38942	1466	96.2
Mcoronaria_589344	Mcoronaria_589344_e15	12268	558	95.5	22128	133	99.4	34396	691	98.0
Mcoronaria_589344	Mcoronaria_589344_e16	8419	509	94.0	16123	102	99.4	24542	611	97.5
Mcoronaria_589344	Mcoronaria_589344_e17	8702	775	91.1	15423	102	99.3	24125	877	96.4
Mcoronaria_589344	Mcoronaria_589344_e18	380	36	90.5	372	9	97.6	752	45	94.0
Mcoronaria_589344	Mcoronaria_589344_e19	10791	1560	85.5	18503	155	99.2	29294	1715	94.1
Mcoronaria_589344	Mcoronaria_589344_e2	14297	1221	91.5	26736	204	99.2	41033	1425	96.5
Mcoronaria_589344	Mcoronaria_589344_e20	6519	719	89.0	11084	95	99.1	17603	814	95.4
Mcoronaria_589344	Mcoronaria_589344_e21	2536	261	89.7	4222	34	99.2	6758	295	95.6
Mcoronaria_589344	Mcoronaria_589344_e3	2816	246	91.3	4755	29	99.4	7571	275	96.4
Mcoronaria_589344	Mcoronaria_589344_e4	6999	577	91.8	12594	84	99.3	19593	661	96.6
Mcoronaria_589344	Mcoronaria_589344_e5	6010	649	89.2	12480	84	99.3	18490	733	96.0
Mcoronaria_589344	Mcoronaria_589344_e6	13103	1547	88.2	29185	1158	96.0	42288	2705	93.6
Mcoronaria_589344	Mcoronaria_589344_e7	10588	581	94.5	20756	127	99.4	31344	708	97.7
Mcoronaria_589344	Mcoronaria_589344_e8	7423	391	94.7	13368	74	99.4	20791	465	97.8
Mcoronaria_589344	Mcoronaria_589344_e9	5401	335	93.8	10342	57	99.4	15743	392	97.5
Mcoronaria_589344	Mcoronaria_589344_sim_e1	4	0	100.0	7	1	85.7	11	1	90.9
Mcoronaria_589344	Mcoronaria_589344_sim_e2	8	0	100.0	5	0	100.0	13	0	100.0
Mcoronaria_589344	Mcoronaria_589344_sim_e3	5	0	100.0	5	0	100.0	10	0	100.0
Mcoronaria_589344	Mcoronaria_589344_sim_e4	3311	51	98.5	1999	9	99.5	5310	60	98.9
Mcoronaria_589344	Mcoronaria_589344_sim_e5	3333	63	98.1	2010	3	99.9	5343	66	98.8
Mcoronaria_589344	Mcoronaria_589344_sim_e6	3344	42	98.7	1964	7	99.6	5308	49	99.1
Mcoronaria_589977	Mcoronaria_589977_a	2902	111	96.2	5445	60	98.9	8347	171	98.0
Mcoronaria_589977	Mcoronaria_589977_b	1607	66	95.9	2794	36	98.7	4401	102	97.7
Mcoronaria_589977	Mcoronaria_589977_c	1477	79	94.7	2390	25	99.0	3867	104	97.3
Mcoronaria_589977	Mcoronaria_589977_e1	2449	216	91.2	4915	54	98.9	7364	270	96.3
Mcoronaria_589977	Mcoronaria_589977_e10	7305	625	91.4	15893	170	98.9	23198	795	96.6
Mcoronaria_589977	Mcoronaria_589977_e11	4338	365	91.6	9157	99	98.9	13495	464	96.6
Mcoronaria_589977	Mcoronaria_589977_e12	785	118	85.0	2093	15	99.3	2878	133	95.4
Mcoronaria_589977	Mcoronaria_589977_e13	6112	495	91.9	14380	135	99.1	20492	630	96.9
Mcoronaria_589977	Mcoronaria_589977_e14	10189	805	92.1	23875	1635	93.2	34064	2440	92.8
Mcoronaria_589977	Mcoronaria_589977_e15	1461	131	91.0	3023	22	99.3	4484	153	96.6
Mcoronaria_589977	Mcoronaria_589977_e16	262	38	85.5	607	12	98.0	869	50	94.2
Mcoronaria_589977	Mcoronaria_589977_e17	132	30	77.3	352	3	99.1	484	33	93.2
Mcoronaria_589977	Mcoronaria_589977_e18	205	31	84.9	407	5	98.8	612	36	94.1
Mcoronaria_589977	Mcoronaria_589977_e19	65	9	86.2	140	3	97.9	205	12	94.1
Mcoronaria_589977	Mcoronaria_589977_e2	1612	163	89.9	3389	39	98.8	5001	202	96.0
Mcoronaria_589977	Mcoronaria_589977_e20	2316	242	89.6	4339	50	98.8	6655	292	95.6
Mcoronaria_589977	Mcoronaria_589977_e21	5633	531	90.6	12546	142	98.9	18179	673	96.3
Mcoronaria_589977	Mcoronaria_589977_e22	912	69	92.4	1942	21	98.9	2854	90	96.8
Mcoronaria_589977	Mcoronaria_589977_e23	0	0	NA	0	0	NA	0	0	NA
Mcoronaria_589977	Mcoronaria_589977_e4	3870	345	91.1	8649	82	99.1	12519	427	96.6
Mcoronaria_589977	Mcoronaria_589977_e6	9332	786	91.6	20687	249	98.8	30019	1035	96.6
Mcoronaria_589977	Mcoronaria_589977_e7	1555	157	89.9	2753	41	98.5	4308	198	95.4
Mcoronaria_589977	Mcoronaria_589977_e8	3952	192	95.1	7330	91	98.8	11282	283	97.5
Mcoronaria_589977	Mcoronaria_589977_e9	8015	691	91.4	18227	206	98.9	26242	897	96.6
Mcoronaria_589977	Mcoronaria_589977_sim_e1	4	0	100.0	5	0	100.0	9	0	100.0
Mcoronaria_589977	Mcoronaria_589977_sim_e2	6	0	100.0	3	0	100.0	9	0	100.0
Mcoronaria_589977	Mcoronaria_589977_sim_e3	5	0	100.0	0	0	NA	5	0	100.0
Mcoronaria_589977	Mcoronaria_589977_sim_e4	2535	25	99.0	2173	4	99.8	4708	29	99.4
Mcoronaria_589977	Mcoronaria_589977_sim_e5	2660	18	99.3	2052	4	99.8	4712	22	99.5
Mcoronaria_589977	Mcoronaria_589977_sim_e6	2635	37	98.6	2079	4	99.8	4714	41	99.1
Mcoronaria_589988	Mcoronaria_589988_a	5206	237	95.4	10046	39	99.6	15252	276	98.2
Mcoronaria_589988	Mcoronaria_589988_b	3692	184	95.0	7140	40	99.4	10832	224	97.9
Mcoronaria_589988	Mcoronaria_589988_c	5317	251	95.3	10149	59	99.4	15466	310	98.0
Mcoronaria_589988	Mcoronaria_589988_e1	16917	707	95.8	32431	220	99.3	49348	927	98.1
Mcoronaria_589988	Mcoronaria_589988_e10	11535	349	97.0	20986	6608	68.5	32521	6957	78.6
Mcoronaria_589988	Mcoronaria_589988_e11	2428	157	93.5	4864	18	99.6	7292	175	97.6
Mcoronaria_589988	Mcoronaria_589988_e12	11149	632	94.3	23527	161	99.3	34676	793	97.7
Mcoronaria_589988	Mcoronaria_589988_e13	18180	779	95.7	39258	1599	95.9	57438	2378	95.9
Mcoronaria_589988	Mcoronaria_589988_e14	14462	677	95.3	26496	166	99.4	40958	843	97.9
Mcoronaria_589988	Mcoronaria_589988_e15	22514	915	95.9	48216	1916	96.0	70730	2831	96.0
Mcoronaria_589988	Mcoronaria_589988_e16	9076	162	98.2	16411	8069	50.8	25487	8231	67.7
Mcoronaria_589988	Mcoronaria_589988_e17	4241	251	94.1	7891	56	99.3	12132	307	97.5
Mcoronaria_589988	Mcoronaria_589988_e18	16018	677	95.8	31008	206	99.3	47026	883	98.1
Mcoronaria_589988	Mcoronaria_589988_e19	1757	110	93.7	3565	166	95.3	5322	276	94.8
Mcoronaria_589988	Mcoronaria_589988_e2	2603	58	97.8	4170	2293	45.0	6773	2351	65.3
Mcoronaria_589988	Mcoronaria_589988_e20	16	1	93.8	30	2	93.3	46	3	93.5
Mcoronaria_589988	Mcoronaria_589988_e21	16832	207	98.8	26784	17311	35.4	43616	17518	59.8
Mcoronaria_589988	Mcoronaria_589988_e22	6138	360	94.1	12604	612	95.1	18742	972	94.8
Mcoronaria_589988	Mcoronaria_589988_e23	1382	97	93.0	2682	17	99.4	4064	114	97.2
Mcoronaria_589988	Mcoronaria_589988_e3	8086	362	95.5	14038	88	99.4	22124	450	98.0
Mcoronaria_589988	Mcoronaria_589988_e4	50	12	76.0	129	8	93.8	179	20	88.8
Mcoronaria_589988	Mcoronaria_589988_e7	13543	583	95.7	26307	156	99.4	39850	739	98.1
Mcoronaria_589988	Mcoronaria_589988_e8	9268	165	98.2	15795	8651	45.2	25063	8816	64.8
Mcoronaria_589988	Mcoronaria_589988_e9	2581	57	97.8	5041	2577	48.9	7622	2634	65.4
Mcoronaria_589988	Mcoronaria_589988_sim_e1	19	0	100.0	5	0	100.0	24	0	100.0
Mcoronaria_589988	Mcoronaria_589988_sim_e2	20	0	100.0	16	0	100.0	36	0	100.0
Mcoronaria_589988	Mcoronaria_589988_sim_e3	29	0	100.0	11	0	100.0	40	0	100.0
Mcoronaria_589988	Mcoronaria_589988_sim_e4	5110	75	98.5	4372	13	99.7	9482	88	99.1
Mcoronaria_589988	Mcoronaria_589988_sim_e5	5088	87	98.3	4146	8	99.8	9234	95	99.0
Mcoronaria_589988	Mcoronaria_589988_sim_e6	5024	90	98.2	4184	11	99.7	9208	101	98.9
Mcoronaria_590000	Mcoronaria_590000_a	25157	732	97.1	51082	707	98.6	76239	1439	98.1
Mcoronaria_590000	Mcoronaria_590000_b	15251	570	96.3	29898	381	98.7	45149	951	97.9
Mcoronaria_590000	Mcoronaria_590000_e1	2448	126	94.9	4374	320	92.7	6822	446	93.5
Mcoronaria_590000	Mcoronaria_590000_e10	9079	380	95.8	17209	294	98.3	26288	674	97.4
Mcoronaria_590000	Mcoronaria_590000_e11	716	30	95.8	1420	731	48.5	2136	761	64.4
Mcoronaria_590000	Mcoronaria_590000_e12	6891	311	95.5	14363	741	94.8	21254	1052	95.1
Mcoronaria_590000	Mcoronaria_590000_e13	4297	214	95.0	9206	128	98.6	13503	342	97.5
Mcoronaria_590000	Mcoronaria_590000_e14	5724	231	96.0	10750	151	98.6	16474	382	97.7
Mcoronaria_590000	Mcoronaria_590000_e15	17	9	47.1	34	4	88.2	51	13	74.5
Mcoronaria_590000	Mcoronaria_590000_e16	2501	143	94.3	4871	226	95.4	7372	369	95.0
Mcoronaria_590000	Mcoronaria_590000_e17	8485	343	96.0	17120	234	98.6	25605	577	97.7
Mcoronaria_590000	Mcoronaria_590000_e18	5542	311	94.4	12729	528	95.9	18271	839	95.4
Mcoronaria_590000	Mcoronaria_590000_e19	9952	133	98.7	17130	10900	36.4	27082	11033	59.3
Mcoronaria_590000	Mcoronaria_590000_e2	11623	143	98.8	19494	12214	37.3	31117	12357	60.3
Mcoronaria_590000	Mcoronaria_590000_e20	2722	109	96.0	3540	129	96.4	6262	238	96.2
Mcoronaria_590000	Mcoronaria_590000_e21	4708	369	92.2	12347	484	96.1	17055	853	95.0
Mcoronaria_590000	Mcoronaria_590000_e22	2728	200	92.7	7497	482	93.6	10225	682	93.3
Mcoronaria_590000	Mcoronaria_590000_e23	4958	252	94.9	11170	118	98.9	16128	370	97.7
Mcoronaria_590000	Mcoronaria_590000_e3	5620	254	95.5	10830	200	98.2	16450	454	97.2
Mcoronaria_590000	Mcoronaria_590000_e4	1646	87	94.7	2602	189	92.7	4248	276	93.5
Mcoronaria_590000	Mcoronaria_590000_e5	6681	354	94.7	13777	184	98.7	20458	538	97.4
Mcoronaria_590000	Mcoronaria_590000_e6	10639	455	95.7	23028	351	98.5	33667	806	97.6
Mcoronaria_590000	Mcoronaria_590000_e7	765	41	94.6	1116	25	97.8	1881	66	96.5
Mcoronaria_590000	Mcoronaria_590000_e8	4841	213	95.6	8514	161	98.1	13355	374	97.2
Mcoronaria_590000	Mcoronaria_590000_e9	895	45	95.0	891	68	92.4	1786	113	93.7
Mcoronaria_590000	Mcoronaria_590000_sim_e1	5	0	100.0	4	0	100.0	9	0	100.0
Mcoronaria_590000	Mcoronaria_590000_sim_e2	5	0	100.0	2	0	100.0	7	0	100.0
Mcoronaria_590000	Mcoronaria_590000_sim_e3	8	0	100.0	4	0	100.0	12	0	100.0
Mcoronaria_590000	Mcoronaria_590000_sim_e4	2934	37	98.7	2537	1	100.0	5471	38	99.3
Mcoronaria_590000	Mcoronaria_590000_sim_e5	3064	34	98.9	2461	1	100.0	5525	35	99.4
Mcoronaria_590000	Mcoronaria_590000_sim_e6	3028	25	99.2	2535	1	100.0	5563	26	99.5
Mcoronaria_590014	Mcoronaria_590014_a	10670	656	93.9	29447	179	99.4	40117	835	97.9
Mcoronaria_590014	Mcoronaria_590014_b	5093	335	93.4	12934	87	99.3	18027	422	97.7
Mcoronaria_590014	Mcoronaria_590014_c	4152	240	94.2	9912	74	99.3	14064	314	97.8
Mcoronaria_590014	Mcoronaria_590014_e1	10964	1715	84.4	36165	2733	92.4	47129	4448	90.6
Mcoronaria_590014	Mcoronaria_590014_e10	6343	984	84.5	20755	1511	92.7	27098	2495	90.8
Mcoronaria_590014	Mcoronaria_590014_e11	11234	1777	84.2	37074	2766	92.5	48308	4543	90.6
Mcoronaria_590014	Mcoronaria_590014_e12	10421	1611	84.5	32315	2378	92.6	42736	3989	90.7
Mcoronaria_590014	Mcoronaria_590014_e13	5155	279	94.6	26296	18332	30.3	31451	18611	40.8
Mcoronaria_590014	Mcoronaria_590014_e14	11351	1738	84.7	40331	3032	92.5	51682	4770	90.8
Mcoronaria_590014	Mcoronaria_590014_e15	8112	439	94.6	45478	32521	28.5	53590	32960	38.5
Mcoronaria_590014	Mcoronaria_590014_e17	1283	69	94.6	7094	5032	29.1	8377	5101	39.1
Mcoronaria_590014	Mcoronaria_590014_e18	5410	815	84.9	16403	1131	93.1	21813	1946	91.1
Mcoronaria_590014	Mcoronaria_590014_e19	5050	765	84.9	16624	1171	93.0	21674	1936	91.1
Mcoronaria_590014	Mcoronaria_590014_e2	7387	1202	83.7	24221	1822	92.5	31608	3024	90.4
Mcoronaria_590014	Mcoronaria_590014_e20	5226	180	96.6	23666	19797	16.3	28892	19977	30.9
Mcoronaria_590014	Mcoronaria_590014_e21	4378	134	96.9	18815	15351	18.4	23193	15485	33.2
Mcoronaria_590014	Mcoronaria_590014_e22	9941	1616	83.7	34357	2528	92.6	44298	4144	90.6
Mcoronaria_590014	Mcoronaria_590014_e23	11068	395	96.4	54371	44490	18.2	65439	44885	31.4
Mcoronaria_590014	Mcoronaria_590014_e3	9888	1533	84.5	33722	2539	92.5	43610	4072	90.7
Mcoronaria_590014	Mcoronaria_590014_e4	9136	1430	84.3	31559	2273	92.8	40695	3703	90.9
Mcoronaria_590014	Mcoronaria_590014_e5	8377	1338	84.0	28168	2147	92.4	36545	3485	90.5
Mcoronaria_590014	Mcoronaria_590014_e7	8117	430	94.7	43567	31262	28.2	51684	31692	38.7
Mcoronaria_590014	Mcoronaria_590014_e8	7946	276	96.5	39559	32492	17.9	47505	32768	31.0
Mcoronaria_590014	Mcoronaria_590014_e9	9787	1477	84.9	29402	2240	92.4	39189	3717	90.5
Mcoronaria_590014	Mcoronaria_590014_sim_e1	63	2	96.8	45	0	100.0	108	2	98.1
Mcoronaria_590014	Mcoronaria_590014_sim_e2	69	1	98.6	42	0	100.0	111	1	99.1
Mcoronaria_590014	Mcoronaria_590014_sim_e3	52	2	96.2	39	0	100.0	91	2	97.8
Mcoronaria_590014	Mcoronaria_590014_sim_e4	7522	159	97.9	8782	10	99.9	16304	169	99.0
Mcoronaria_590014	Mcoronaria_590014_sim_e5	7728	169	97.8	8670	17	99.8	16398	186	98.9
Mcoronaria_590014	Mcoronaria_590014_sim_e6	7585	171	97.7	8903	6	99.9	16488	177	98.9
Mhalliana_589013	Mhalliana_589013_a	4641	135	97.1	3423	44	98.7	8064	179	97.8
Mhalliana_589013	Mhalliana_589013_b	3006	91	97.0	2155	29	98.7	5161	120	97.7
Mhalliana_589013	Mhalliana_589013_e1	671	26	96.1	403	12	97.0	1074	38	96.5
Mhalliana_589013	Mhalliana_589013_e10	12385	350	97.2	9968	164	98.4	22353	514	97.7
Mhalliana_589013	Mhalliana_589013_e11	7989	274	96.6	6260	60	99.0	14249	334	97.7
Mhalliana_589013	Mhalliana_589013_e13	26463	773	97.1	20775	285	98.6	47238	1058	97.8
Mhalliana_589013	Mhalliana_589013_e14	40601	980	97.6	32779	493	98.5	73380	1473	98.0
Mhalliana_589013	Mhalliana_589013_e15	95	7	92.6	111	25	77.5	206	32	84.5
Mhalliana_589013	Mhalliana_589013_e16	1	0	100.0	0	0	NA	1	0	100.0
Mhalliana_589013	Mhalliana_589013_e17	3260	116	96.4	2491	32	98.7	5751	148	97.4
Mhalliana_589013	Mhalliana_589013_e18	13839	199	98.6	11024	5432	50.7	24863	5631	77.4
Mhalliana_589013	Mhalliana_589013_e19	4211	88	97.9	3221	1111	65.5	7432	1199	83.9
Mhalliana_589013	Mhalliana_589013_e2	52	4	92.3	33	3	90.9	85	7	91.8
Mhalliana_589013	Mhalliana_589013_e20	6495	203	96.9	4518	81	98.2	11013	284	97.4
Mhalliana_589013	Mhalliana_589013_e21	13315	120	99.1	10163	5683	44.1	23478	5803	75.3
Mhalliana_589013	Mhalliana_589013_e22	4708	157	96.7	3098	70	97.7	7806	227	97.1
Mhalliana_589013	Mhalliana_589013_e23	59	8	86.4	52	0	100.0	111	8	92.8
Mhalliana_589013	Mhalliana_589013_e3	40	0	100.0	32	1	96.9	72	1	98.6
Mhalliana_589013	Mhalliana_589013_e4	9	1	88.9	8	1	87.5	17	2	88.2
Mhalliana_589013	Mhalliana_589013_e5	23643	661	97.2	18816	320	98.3	42459	981	97.7
Mhalliana_589013	Mhalliana_589013_e7	8592	276	96.8	6379	129	98.0	14971	405	97.3
Mhalliana_589013	Mhalliana_589013_e8	3256	115	96.5	2256	42	98.1	5512	157	97.2
Mhalliana_589013	Mhalliana_589013_e9	16347	478	97.1	13398	176	98.7	29745	654	97.8
Mhalliana_589013	Mhalliana_589013_sim_e1	14	1	92.9	2	0	100.0	16	1	93.8
Mhalliana_589013	Mhalliana_589013_sim_e2	12	0	100.0	6	0	100.0	18	0	100.0
Mhalliana_589013	Mhalliana_589013_sim_e3	14	1	92.9	3	0	100.0	17	1	94.1
Mhalliana_589013	Mhalliana_589013_sim_e4	5194	48	99.1	2473	0	100.0	7667	48	99.4
Mhalliana_589013	Mhalliana_589013_sim_e5	5354	55	99.0	2377	2	99.9	7731	57	99.3
Mhalliana_589013	Mhalliana_589013_sim_e6	5338	54	99.0	2453	6	99.8	7791	60	99.2
Mhartwiggii_588757	Mhartwiggii_588757_a	1230	41	96.7	587	13	97.8	1817	54	97.0
Mhartwiggii_588757	Mhartwiggii_588757_b	770	21	97.3	326	7	97.9	1096	28	97.4
Mhartwiggii_588757	Mhartwiggii_588757_e1	2697	284	89.5	2699	1696	37.2	5396	1980	63.3
Mhartwiggii_588757	Mhartwiggii_588757_e10	14595	1640	88.8	17274	11416	33.9	31869	13056	59.0
Mhartwiggii_588757	Mhartwiggii_588757_e12	15396	2364	84.6	18609	11008	40.8	34005	13372	60.7
Mhartwiggii_588757	Mhartwiggii_588757_e13	6617	1732	73.8	5999	2105	64.9	12616	3837	69.6
Mhartwiggii_588757	Mhartwiggii_588757_e14	15566	3448	77.8	17471	8231	52.9	33037	11679	64.6
Mhartwiggii_588757	Mhartwiggii_588757_e15	11888	1325	88.9	13977	9603	31.3	25865	10928	57.7
Mhartwiggii_588757	Mhartwiggii_588757_e16	1051	311	70.4	946	300	68.3	1997	611	69.4
Mhartwiggii_588757	Mhartwiggii_588757_e17	25909	2780	89.3	30763	21095	31.4	56672	23875	57.9
Mhartwiggii_588757	Mhartwiggii_588757_e19	17494	2704	84.5	20741	12411	40.2	38235	15115	60.5
Mhartwiggii_588757	Mhartwiggii_588757_e2	6299	941	85.1	7106	4103	42.3	13405	5044	62.4
Mhartwiggii_588757	Mhartwiggii_588757_e20	7408	764	89.7	7587	4952	34.7	14995	5716	61.9
Mhartwiggii_588757	Mhartwiggii_588757_e21	18315	2504	86.3	21285	12753	40.1	39600	15257	61.5
Mhartwiggii_588757	Mhartwiggii_588757_e22	18580	4113	77.9	20773	10500	49.5	39353	14613	62.9
Mhartwiggii_588757	Mhartwiggii_588757_e23	14473	3075	78.8	15896	7213	54.6	30369	10288	66.1
Mhartwiggii_588757	Mhartwiggii_588757_e3	3356	634	81.1	4027	2182	45.8	7383	2816	61.9
Mhartwiggii_588757	Mhartwiggii_588757_e4	3859	587	84.8	4418	2557	42.1	8277	3144	62.0
Mhartwiggii_588757	Mhartwiggii_588757_e5	6530	1213	81.4	6401	2857	55.4	12931	4070	68.5
Mhartwiggii_588757	Mhartwiggii_588757_e6	6883	802	88.3	7342	4772	35.0	14225	5574	60.8
Mhartwiggii_588757	Mhartwiggii_588757_e7	30454	3890	87.2	35212	23395	33.6	65666	27285	58.4
Mhartwiggii_588757	Mhartwiggii_588757_e8	10102	2897	71.3	8863	3005	66.1	18965	5902	68.9
Mhartwiggii_588757	Mhartwiggii_588757_e9	8318	800	90.4	9375	6345	32.3	17693	7145	59.6
Mhartwiggii_588757	Mhartwiggii_588757_sim_e1	55	2	96.4	12	0	100.0	67	2	97.0
Mhartwiggii_588757	Mhartwiggii_588757_sim_e2	63	4	93.7	21	0	100.0	84	4	95.2
Mhartwiggii_588757	Mhartwiggii_588757_sim_e3	52	1	98.1	15	0	100.0	67	1	98.5
Mhartwiggii_588757	Mhartwiggii_588757_sim_e4	12090	136	98.9	4863	7	99.9	16953	143	99.2
Mhartwiggii_588757	Mhartwiggii_588757_sim_e5	12156	115	99.1	4866	4	99.9	17022	119	99.3
Mhartwiggii_588757	Mhartwiggii_588757_sim_e6	12168	135	98.9	4712	6	99.9	16880	141	99.2
Mhybrid_589161	Mhybrid_589161_a	72744	1630	97.8	37809	768	98.0	110553	2398	97.8
Mhybrid_589161	Mhybrid_589161_b	42323	1226	97.1	22226	496	97.8	64549	1722	97.3
Mhybrid_589161	Mhybrid_589161_c	68475	1285	98.1	34610	686	98.0	103085	1971	98.1
Mhybrid_589161	Mhybrid_589161_e1	80	21	73.8	60	23	61.7	140	44	68.6
Mhybrid_589161	Mhybrid_589161_e10	1093	245	77.6	1156	631	45.4	2249	876	61.0
Mhybrid_589161	Mhybrid_589161_e11	335	70	79.1	348	170	51.1	683	240	64.9
Mhybrid_589161	Mhybrid_589161_e12	34138	5771	83.1	33689	21160	37.2	67827	26931	60.3
Mhybrid_589161	Mhybrid_589161_e13	16660	3356	79.9	15967	9064	43.2	32627	12420	61.9
Mhybrid_589161	Mhybrid_589161_e14	1	1	0.0	0	0	NA	1	1	0.0
Mhybrid_589161	Mhybrid_589161_e15	1575	373	76.3	1594	803	49.6	3169	1176	62.9
Mhybrid_589161	Mhybrid_589161_e16	169	43	74.6	187	100	46.5	356	143	59.8
Mhybrid_589161	Mhybrid_589161_e19	265	59	77.7	243	129	46.9	508	188	63.0
Mhybrid_589161	Mhybrid_589161_e2	111	38	65.8	134	63	53.0	245	101	58.8
Mhybrid_589161	Mhybrid_589161_e20	98	32	67.3	118	57	51.7	216	89	58.8
Mhybrid_589161	Mhybrid_589161_e21	30	12	60.0	36	15	58.3	66	27	59.1
Mhybrid_589161	Mhybrid_589161_e22	3142	614	80.5	3437	1891	45.0	6579	2505	61.9
Mhybrid_589161	Mhybrid_589161_e23	9918	2240	77.4	10271	5762	43.9	20189	8002	60.4
Mhybrid_589161	Mhybrid_589161_e3	23	4	82.6	34	18	47.1	57	22	61.4
Mhybrid_589161	Mhybrid_589161_e4	5321	978	81.6	5495	3141	42.8	10816	4119	61.9
Mhybrid_589161	Mhybrid_589161_e5	1	0	100.0	1	0	100.0	2	0	100.0
Mhybrid_589161	Mhybrid_589161_e6	10	2	80.0	8	4	50.0	18	6	66.7
Mhybrid_589161	Mhybrid_589161_e7	9147	2691	70.6	8121	4095	49.6	17268	6786	60.7
Mhybrid_589161	Mhybrid_589161_e8	6577	1202	81.7	6287	3871	38.4	12864	5073	60.6
Mhybrid_589161	Mhybrid_589161_e9	189	50	73.5	211	110	47.9	400	160	60.0
Mhybrid_589161	Mhybrid_589161_sim_e1	54	2	96.3	14	0	100.0	68	2	97.1
Mhybrid_589161	Mhybrid_589161_sim_e2	42	3	92.9	7	0	100.0	49	3	93.9
Mhybrid_589161	Mhybrid_589161_sim_e3	45	1	97.8	13	0	100.0	58	1	98.3
Mhybrid_589161	Mhybrid_589161_sim_e4	11543	109	99.1	3955	2	99.9	15498	111	99.3
Mhybrid_589161	Mhybrid_589161_sim_e5	11333	115	99.0	4057	5	99.9	15390	120	99.2
Mhybrid_589161	Mhybrid_589161_sim_e6	11282	119	98.9	3980	3	99.9	15262	122	99.2
Mhybrid_589421	Mhybrid_589421_a	10217	275	97.3	3813	104	97.3	14030	379	97.3
Mhybrid_589421	Mhybrid_589421_b	7035	194	97.2	2723	70	97.4	9758	264	97.3
Mhybrid_589421	Mhybrid_589421_c	11688	306	97.4	4345	125	97.1	16033	431	97.3
Mhybrid_589421	Mhybrid_589421_e1	5	0	100.0	3	0	100.0	8	0	100.0
Mhybrid_589421	Mhybrid_589421_e10	0	0	NA	0	0	NA	0	0	NA
Mhybrid_589421	Mhybrid_589421_e11	281	17	94.0	202	53	73.8	483	70	85.5
Mhybrid_589421	Mhybrid_589421_e13	1760	73	95.9	963	233	75.8	2723	306	88.8
Mhybrid_589421	Mhybrid_589421_e14	8351	754	91.0	6050	2520	58.3	14401	3274	77.3
Mhybrid_589421	Mhybrid_589421_e15	1114	48	95.7	564	138	75.5	1678	186	88.9
Mhybrid_589421	Mhybrid_589421_e16	191	11	94.2	101	38	62.4	292	49	83.2
Mhybrid_589421	Mhybrid_589421_e17	14094	1825	87.1	11387	4905	56.9	25481	6730	73.6
Mhybrid_589421	Mhybrid_589421_e18	1465	75	94.9	874	517	40.8	2339	592	74.7
Mhybrid_589421	Mhybrid_589421_e19	2	0	100.0	4	1	75.0	6	1	83.3
Mhybrid_589421	Mhybrid_589421_e2	4	1	75.0	0	0	NA	4	1	75.0
Mhybrid_589421	Mhybrid_589421_e20	12049	387	96.8	6418	1665	74.1	18467	2052	88.9
Mhybrid_589421	Mhybrid_589421_e21	2825	343	87.9	2224	860	61.3	5049	1203	76.2
Mhybrid_589421	Mhybrid_589421_e22	12363	1335	89.2	9364	3981	57.5	21727	5316	75.5
Mhybrid_589421	Mhybrid_589421_e3	1297	62	95.2	594	25	95.8	1891	87	95.4
Mhybrid_589421	Mhybrid_589421_e4	3700	182	95.1	1572	46	97.1	5272	228	95.7
Mhybrid_589421	Mhybrid_589421_e5	11889	412	96.5	4490	149	96.7	16379	561	96.6
Mhybrid_589421	Mhybrid_589421_e6	39412	912	97.7	14733	400	97.3	54145	1312	97.6
Mhybrid_589421	Mhybrid_589421_e7	26847	773	97.1	14206	3854	72.9	41053	4627	88.7
Mhybrid_589421	Mhybrid_589421_e8	282	20	92.9	170	47	72.4	452	67	85.2
Mhybrid_589421	Mhybrid_589421_e9	1817	80	95.6	1023	250	75.6	2840	330	88.4
Mhybrid_589421	Mhybrid_589421_sim_e1	54	2	96.3	14	0	100.0	68	2	97.1
Mhybrid_589421	Mhybrid_589421_sim_e2	64	2	96.9	20	0	100.0	84	2	97.6
Mhybrid_589421	Mhybrid_589421_sim_e3	55	3	94.5	15	0	100.0	70	3	95.7
Mhybrid_589421	Mhybrid_589421_sim_e4	13464	171	98.7	4145	6	99.9	17609	177	99.0
Mhybrid_589421	Mhybrid_589421_sim_e5	13395	153	98.9	4087	3	99.9	17482	156	99.1
Mhybrid_589421	Mhybrid_589421_sim_e6	13456	156	98.8	4183	2	100.0	17639	158	99.1
Mioensis_590008	Mioensis_590008_a	0	0	NA	0	0	NA	0	0	NA
Mioensis_590008	Mioensis_590008_b	5	0	100.0	2	0	100.0	7	0	100.0
Mioensis_590008	Mioensis_590008_e1	1906	341	82.1	6044	518	91.4	7950	859	89.2
Mioensis_590008	Mioensis_590008_e10	3172	491	84.5	9801	875	91.1	12973	1366	89.5
Mioensis_590008	Mioensis_590008_e11	3532	496	86.0	10837	880	91.9	14369	1376	90.4
Mioensis_590008	Mioensis_590008_e12	2934	386	86.8	9026	793	91.2	11960	1179	90.1
Mioensis_590008	Mioensis_590008_e13	2018	189	90.6	3993	429	89.3	6011	618	89.7
Mioensis_590008	Mioensis_590008_e14	3638	569	84.4	11839	1002	91.5	15477	1571	89.8
Mioensis_590008	Mioensis_590008_e15	2558	116	95.5	11801	9535	19.2	14359	9651	32.8
Mioensis_590008	Mioensis_590008_e16	2663	462	82.7	8714	718	91.8	11377	1180	89.6
Mioensis_590008	Mioensis_590008_e17	3335	642	80.7	12810	1088	91.5	16145	1730	89.3
Mioensis_590008	Mioensis_590008_e18	4198	575	86.3	11982	1002	91.6	16180	1577	90.3
Mioensis_590008	Mioensis_590008_e19	3693	556	84.9	11406	1020	91.1	15099	1576	89.6
Mioensis_590008	Mioensis_590008_e2	3148	524	83.4	10490	856	91.8	13638	1380	89.9
Mioensis_590008	Mioensis_590008_e20	5163	756	85.4	15800	1326	91.6	20963	2082	90.1
Mioensis_590008	Mioensis_590008_e21	1079	263	75.6	4086	330	91.9	5165	593	88.5
Mioensis_590008	Mioensis_590008_e22	1691	268	84.2	5175	408	92.1	6866	676	90.2
Mioensis_590008	Mioensis_590008_e23	3941	547	86.1	11410	925	91.9	15351	1472	90.4
Mioensis_590008	Mioensis_590008_e3	5693	813	85.7	18822	1615	91.4	24515	2428	90.1
Mioensis_590008	Mioensis_590008_e4	2343	424	81.9	8165	689	91.6	10508	1113	89.4
Mioensis_590008	Mioensis_590008_e5	2317	351	84.9	6246	563	91.0	8563	914	89.3
Mioensis_590008	Mioensis_590008_e6	3641	94	97.4	15022	12402	17.4	18663	12496	33.0
Mioensis_590008	Mioensis_590008_e7	4409	711	83.9	13281	1121	91.6	17690	1832	89.6
Mioensis_590008	Mioensis_590008_e8	4477	642	85.7	13560	1210	91.1	18037	1852	89.7
Mioensis_590008	Mioensis_590008_e9	2793	518	81.5	10051	800	92.0	12844	1318	89.7
Mioensis_590008	Mioensis_590008_sim_e1	25	1	96.0	16	0	100.0	41	1	97.6
Mioensis_590008	Mioensis_590008_sim_e2	44	1	97.7	27	0	100.0	71	1	98.6
Mioensis_590008	Mioensis_590008_sim_e3	28	0	100.0	12	0	100.0	40	0	100.0
Mioensis_590008	Mioensis_590008_sim_e4	5325	75	98.6	6466	13	99.8	11791	88	99.3
Mioensis_590008	Mioensis_590008_sim_e5	5312	87	98.4	6377	6	99.9	11689	93	99.2
Mioensis_590008	Mioensis_590008_sim_e6	5244	88	98.3	6317	7	99.9	11561	95	99.2
Mkansuensis_588944	Mkansuensis_588944_a	34180	1368	96.0	15299	204	98.7	49479	1572	96.8
Mkansuensis_588944	Mkansuensis_588944_e1	30369	2217	92.7	34447	22833	33.7	64816	25050	61.4
Mkansuensis_588944	Mkansuensis_588944_e10	293	88	70.0	183	88	51.9	476	176	63.0
Mkansuensis_588944	Mkansuensis_588944_e11	9812	1057	89.2	10217	6346	37.9	20029	7403	63.0
Mkansuensis_588944	Mkansuensis_588944_e12	0	0	NA	0	0	NA	0	0	NA
Mkansuensis_588944	Mkansuensis_588944_e13	7126	1200	83.2	7663	3646	52.4	14789	4846	67.2
Mkansuensis_588944	Mkansuensis_588944_e14	69199	27335	60.5	41925	5127	87.8	111124	32462	70.8
Mkansuensis_588944	Mkansuensis_588944_e15	28423	5396	81.0	23669	7884	66.7	52092	13280	74.5
Mkansuensis_588944	Mkansuensis_588944_e16	3518	259	92.6	3435	2310	32.8	6953	2569	63.1
Mkansuensis_588944	Mkansuensis_588944_e17	22710	7749	65.9	19948	5925	70.3	42658	13674	67.9
Mkansuensis_588944	Mkansuensis_588944_e18	17280	3518	79.6	19979	9543	52.2	37259	13061	64.9
Mkansuensis_588944	Mkansuensis_588944_e19	0	0	NA	0	0	NA	0	0	NA
Mkansuensis_588944	Mkansuensis_588944_e2	19445	1853	90.5	20552	12540	39.0	39997	14393	64.0
Mkansuensis_588944	Mkansuensis_588944_e20	43098	5668	86.8	48145	29752	38.2	91243	35420	61.2
Mkansuensis_588944	Mkansuensis_588944_e21	5166	1115	78.4	5886	2672	54.6	11052	3787	65.7
Mkansuensis_588944	Mkansuensis_588944_e22	39520	7136	81.9	45490	21621	52.5	85010	28757	66.2
Mkansuensis_588944	Mkansuensis_588944_e3	21625	5775	73.3	20056	7664	61.8	41681	13439	67.8
Mkansuensis_588944	Mkansuensis_588944_e4	0	0	NA	0	0	NA	0	0	NA
Mkansuensis_588944	Mkansuensis_588944_e5	15768	1193	92.4	17510	11835	32.4	33278	13028	60.9
Mkansuensis_588944	Mkansuensis_588944_e6	6946	527	92.4	6800	4245	37.6	13746	4772	65.3
Mkansuensis_588944	Mkansuensis_588944_e7	42519	3786	91.1	45447	29991	34.0	87966	33777	61.6
Mkansuensis_588944	Mkansuensis_588944_e8	16229	4885	69.9	13864	4131	70.2	30093	9016	70.0
Mkansuensis_588944	Mkansuensis_588944_e9	449	37	91.8	368	247	32.9	817	284	65.2
Mkansuensis_588944	Mkansuensis_588944_sim_e1	195	9	95.4	55	0	100.0	250	9	96.4
Mkansuensis_588944	Mkansuensis_588944_sim_e2	205	8	96.1	52	0	100.0	257	8	96.9
Mkansuensis_588944	Mkansuensis_588944_sim_e3	213	6	97.2	41	0	100.0	254	6	97.6
Mkansuensis_588944	Mkansuensis_588944_sim_e4	20911	399	98.1	6545	8	99.9	27456	407	98.5
Mkansuensis_588944	Mkansuensis_588944_sim_e5	20684	380	98.2	6626	10	99.8	27310	390	98.6
Mkansuensis_588944	Mkansuensis_588944_sim_e6	20852	438	97.9	6645	9	99.9	27497	447	98.4
Mmagdeburgensis_588959	Mmagdeburgensis_588959_a	32453	1058	96.7	50547	408	99.2	83000	1466	98.2
Mmagdeburgensis_588959	Mmagdeburgensis_588959_b	15994	651	95.9	24231	184	99.2	40225	835	97.9
Mmagdeburgensis_588959	Mmagdeburgensis_588959_e1	3436	207	94.0	9043	6294	30.4	12479	6501	47.9
Mmagdeburgensis_588959	Mmagdeburgensis_588959_e10	5329	358	93.3	13835	9932	28.2	19164	10290	46.3
Mmagdeburgensis_588959	Mmagdeburgensis_588959_e11	385	37	90.4	744	363	51.2	1129	400	64.6
Mmagdeburgensis_588959	Mmagdeburgensis_588959_e12	15737	2581	83.6	34785	12191	65.0	50522	14772	70.8
Mmagdeburgensis_588959	Mmagdeburgensis_588959_e13	13468	1508	88.8	34062	18702	45.1	47530	20210	57.5
Mmagdeburgensis_588959	Mmagdeburgensis_588959_e14	7603	512	93.3	19165	12235	36.2	26768	12747	52.4
Mmagdeburgensis_588959	Mmagdeburgensis_588959_e15	1432	247	82.8	2760	725	73.7	4192	972	76.8
Mmagdeburgensis_588959	Mmagdeburgensis_588959_e16	8624	1614	81.3	18173	4716	74.0	26797	6330	76.4
Mmagdeburgensis_588959	Mmagdeburgensis_588959_e17	7634	1045	86.3	19194	10087	47.4	26828	11132	58.5
Mmagdeburgensis_588959	Mmagdeburgensis_588959_e18	2601	429	83.5	5077	1364	73.1	7678	1793	76.6
Mmagdeburgensis_588959	Mmagdeburgensis_588959_e2	416	36	91.3	940	655	30.3	1356	691	49.0
Mmagdeburgensis_588959	Mmagdeburgensis_588959_e20	2134	343	83.9	5711	2522	55.8	7845	2865	63.5
Mmagdeburgensis_588959	Mmagdeburgensis_588959_e21	16777	1815	89.2	45929	27628	39.8	62706	29443	53.0
Mmagdeburgensis_588959	Mmagdeburgensis_588959_e22	1991	147	92.6	4857	3371	30.6	6848	3518	48.6
Mmagdeburgensis_588959	Mmagdeburgensis_588959_e23	3850	475	87.7	9588	5177	46.0	13438	5652	57.9
Mmagdeburgensis_588959	Mmagdeburgensis_588959_e3	2635	189	92.8	6497	4659	28.3	9132	4848	46.9
Mmagdeburgensis_588959	Mmagdeburgensis_588959_e4	2284	131	94.3	5889	4122	30.0	8173	4253	48.0
Mmagdeburgensis_588959	Mmagdeburgensis_588959_e5	3472	247	92.9	9469	6813	28.0	12941	7060	45.4
Mmagdeburgensis_588959	Mmagdeburgensis_588959_e6	14415	1383	90.4	37513	21516	42.6	51928	22899	55.9
Mmagdeburgensis_588959	Mmagdeburgensis_588959_e7	18624	1110	94.0	54316	39763	26.8	72940	40873	44.0
Mmagdeburgensis_588959	Mmagdeburgensis_588959_e8	4079	235	94.2	10444	7734	25.9	14523	7969	45.1
Mmagdeburgensis_588959	Mmagdeburgensis_588959_e9	3472	591	83.0	6964	2143	69.2	10436	2734	73.8
Mmagdeburgensis_588959	Mmagdeburgensis_588959_sim_e1	115	4	96.5	61	0	100.0	176	4	97.7
Mmagdeburgensis_588959	Mmagdeburgensis_588959_sim_e2	90	3	96.7	47	0	100.0	137	3	97.8
Mmagdeburgensis_588959	Mmagdeburgensis_588959_sim_e3	108	5	95.4	60	0	100.0	168	5	97.0
Mmagdeburgensis_588959	Mmagdeburgensis_588959_sim_e4	13135	160	98.8	12514	15	99.9	25649	175	99.3
Mmagdeburgensis_588959	Mmagdeburgensis_588959_sim_e5	13049	195	98.5	12494	12	99.9	25543	207	99.2
Mmagdeburgensis_588959	Mmagdeburgensis_588959_sim_e6	13207	195	98.5	12566	9	99.9	25773	204	99.2
Mmicromalus_588976	Mmicromalus_588976_a	2253	45	98.0	702	42	94.0	2955	87	97.1
Mmicromalus_588976	Mmicromalus_588976_b	5658	105	98.1	1900	65	96.6	7558	170	97.8
Mmicromalus_588976	Mmicromalus_588976_e1	0	0	NA	0	0	NA	0	0	NA
Mmicromalus_588976	Mmicromalus_588976_e10	12254	3423	72.1	11951	7828	34.5	24205	11251	53.5
Mmicromalus_588976	Mmicromalus_588976_e11	170	75	55.9	180	121	32.8	350	196	44.0
Mmicromalus_588976	Mmicromalus_588976_e12	726	284	60.9	1015	683	32.7	1741	967	44.5
Mmicromalus_588976	Mmicromalus_588976_e13	5029	1230	75.5	4487	2910	35.1	9516	4140	56.5
Mmicromalus_588976	Mmicromalus_588976_e14	32904	5201	84.2	25955	17446	32.8	58859	22647	61.5
Mmicromalus_588976	Mmicromalus_588976_e15	1035	321	69.0	797	486	39.0	1832	807	55.9
Mmicromalus_588976	Mmicromalus_588976_e16	7839	1925	75.4	6838	3661	46.5	14677	5586	61.9
Mmicromalus_588976	Mmicromalus_588976_e17	1496	364	75.7	1330	767	42.3	2826	1131	60.0
Mmicromalus_588976	Mmicromalus_588976_e18	63077	14899	76.4	69932	47761	31.7	133009	62660	52.9
Mmicromalus_588976	Mmicromalus_588976_e19	2031	589	71.0	1969	1234	37.3	4000	1823	54.4
Mmicromalus_588976	Mmicromalus_588976_e2	2290	973	57.5	2001	1318	34.1	4291	2291	46.6
Mmicromalus_588976	Mmicromalus_588976_e20	1561	544	65.2	1511	857	43.3	3072	1401	54.4
Mmicromalus_588976	Mmicromalus_588976_e21	1899	515	72.9	1884	1061	43.7	3783	1576	58.3
Mmicromalus_588976	Mmicromalus_588976_e22	6985	1744	75.0	6240	4021	35.6	13225	5765	56.4
Mmicromalus_588976	Mmicromalus_588976_e23	1663	519	68.8	1371	845	38.4	3034	1364	55.0
Mmicromalus_588976	Mmicromalus_588976_e3	2067	660	68.1	1886	1250	33.7	3953	1910	51.7
Mmicromalus_588976	Mmicromalus_588976_e4	14140	5173	63.4	13685	8958	34.5	27825	14131	49.2
Mmicromalus_588976	Mmicromalus_588976_e5	4602	1789	61.1	4460	2945	34.0	9062	4734	47.8
Mmicromalus_588976	Mmicromalus_588976_e6	1429	495	65.4	1332	881	33.9	2761	1376	50.2
Mmicromalus_588976	Mmicromalus_588976_e7	300	100	66.7	201	124	38.3	501	224	55.3
Mmicromalus_588976	Mmicromalus_588976_e8	1344	383	71.5	1368	882	35.5	2712	1265	53.4
Mmicromalus_588976	Mmicromalus_588976_e9	11005	3061	72.2	9632	5967	38.1	20637	9028	56.3
Mmicromalus_588976	Mmicromalus_588976_sim_e1	55	0	100.0	9	0	100.0	64	0	100.0
Mmicromalus_588976	Mmicromalus_588976_sim_e2	55	5	90.9	8	0	100.0	63	5	92.1
Mmicromalus_588976	Mmicromalus_588976_sim_e3	56	5	91.1	7	0	100.0	63	5	92.1
Mmicromalus_588976	Mmicromalus_588976_sim_e4	11165	127	98.9	2929	6	99.8	14094	133	99.1
Mmicromalus_588976	Mmicromalus_588976_sim_e5	10822	102	99.1	2996	4	99.9	13818	106	99.2
Mmicromalus_588976	Mmicromalus_588976_sim_e6	11116	112	99.0	2885	6	99.8	14001	118	99.2
Mmicromalus_594092	Mmicromalus_594092_a	1595	77	95.2	1068	29	97.3	2663	106	96.0
Mmicromalus_594092	Mmicromalus_594092_b	616	36	94.2	331	3	99.1	947	39	95.9
Mmicromalus_594092	Mmicromalus_594092_e1	48414	1578	96.7	48582	475	99.0	96996	2053	97.9
Mmicromalus_594092	Mmicromalus_594092_e11	4408	121	97.3	3558	1662	53.3	7966	1783	77.6
Mmicromalus_594092	Mmicromalus_594092_e12	146	21	85.6	108	30	72.2	254	51	79.9
Mmicromalus_594092	Mmicromalus_594092_e13	42726	447	99.0	39567	24518	38.0	82293	24965	69.7
Mmicromalus_594092	Mmicromalus_594092_e14	9653	407	95.8	9358	2748	70.6	19011	3155	83.4
Mmicromalus_594092	Mmicromalus_594092_e15	57200	3295	94.2	64415	17862	72.3	121615	21157	82.6
Mmicromalus_594092	Mmicromalus_594092_e16	2409	118	95.1	2199	471	78.6	4608	589	87.2
Mmicromalus_594092	Mmicromalus_594092_e17	4365	400	90.8	5358	882	83.5	9723	1282	86.8
Mmicromalus_594092	Mmicromalus_594092_e19	18306	833	95.4	17495	173	99.0	35801	1006	97.2
Mmicromalus_594092	Mmicromalus_594092_e20	18918	680	96.4	17358	185	98.9	36276	865	97.6
Mmicromalus_594092	Mmicromalus_594092_e21	30186	4264	85.9	36954	7496	79.7	67140	11760	82.5
Mmicromalus_594092	Mmicromalus_594092_e22	1715	105	93.9	1226	24	98.0	2941	129	95.6
Mmicromalus_594092	Mmicromalus_594092_e23	21056	801	96.2	20702	214	99.0	41758	1015	97.6
Mmicromalus_594092	Mmicromalus_594092_e3	40031	1372	96.6	39163	425	98.9	79194	1797	97.7
Mmicromalus_594092	Mmicromalus_594092_e4	16237	651	96.0	14598	171	98.8	30835	822	97.3
Mmicromalus_594092	Mmicromalus_594092_e5	3338	187	94.4	2961	30	99.0	6299	217	96.6
Mmicromalus_594092	Mmicromalus_594092_e6	53252	1863	96.5	53963	543	99.0	107215	2406	97.8
Mmicromalus_594092	Mmicromalus_594092_e7	43155	1512	96.5	43012	450	99.0	86167	1962	97.7
Mmicromalus_594092	Mmicromalus_594092_e8	50335	1803	96.4	51126	486	99.0	101461	2289	97.7
Mmicromalus_594092	Mmicromalus_594092_e9	32000	1010	96.8	31417	320	99.0	63417	1330	97.9
Mmicromalus_594092	Mmicromalus_594092_sim_e1	47	0	100.0	11	0	100.0	58	0	100.0
Mmicromalus_594092	Mmicromalus_594092_sim_e2	35	0	100.0	9	0	100.0	44	0	100.0
Mmicromalus_594092	Mmicromalus_594092_sim_e3	39	0	100.0	15	0	100.0	54	0	100.0
Mmicromalus_594092	Mmicromalus_594092_sim_e4	8546	106	98.8	4175	7	99.8	12721	113	99.1
Mmicromalus_594092	Mmicromalus_594092_sim_e5	8471	112	98.7	4165	8	99.8	12636	120	99.1
Mmicromalus_594092	Mmicromalus_594092_sim_e6	8492	134	98.4	4155	12	99.7	12647	146	98.8
Mplatycarpa_588752	Mplatycarpa_588752_a	75479	8403	88.9	16399	2828	82.8	91878	11231	87.8
Mplatycarpa_588752	Mplatycarpa_588752_b	74570	8241	88.9	15795	2582	83.7	90365	10823	88.0
Mplatycarpa_588752	Mplatycarpa_588752_e1	18635	5425	70.9	4666	851	81.8	23301	6276	73.1
Mplatycarpa_588752	Mplatycarpa_588752_e10	27083	7923	70.7	6305	1101	82.5	33388	9024	73.0
Mplatycarpa_588752	Mplatycarpa_588752_e11	6529	2223	66.0	1640	243	85.2	8169	2466	69.8
Mplatycarpa_588752	Mplatycarpa_588752_e12	46027	6514	85.8	10464	1850	82.3	56491	8364	85.2
Mplatycarpa_588752	Mplatycarpa_588752_e13	59075	9159	84.5	13235	2224	83.2	72310	11383	84.3
Mplatycarpa_588752	Mplatycarpa_588752_e15	71237	16272	77.2	16487	2928	82.2	87724	19200	78.1
Mplatycarpa_588752	Mplatycarpa_588752_e16	58616	12351	78.9	12998	2277	82.5	71614	14628	79.6
Mplatycarpa_588752	Mplatycarpa_588752_e17	3163	1204	61.9	782	114	85.4	3945	1318	66.6
Mplatycarpa_588752	Mplatycarpa_588752_e18	3928	1937	50.7	961	159	83.5	4889	2096	57.1
Mplatycarpa_588752	Mplatycarpa_588752_e19	7373	1844	75.0	1844	259	86.0	9217	2103	77.2
Mplatycarpa_588752	Mplatycarpa_588752_e2	17728	6199	65.0	4316	713	83.5	22044	6912	68.6
Mplatycarpa_588752	Mplatycarpa_588752_e20	1663	742	55.4	442	59	86.7	2105	801	61.9
Mplatycarpa_588752	Mplatycarpa_588752_e21	5204	1518	70.8	1309	201	84.6	6513	1719	73.6
Mplatycarpa_588752	Mplatycarpa_588752_e22	90613	23941	73.6	20144	3402	83.1	110757	27343	75.3
Mplatycarpa_588752	Mplatycarpa_588752_e23	1584	630	60.2	373	60	83.9	1957	690	64.7
Mplatycarpa_588752	Mplatycarpa_588752_e3	70559	13721	80.6	16057	2624	83.7	86616	16345	81.1
Mplatycarpa_588752	Mplatycarpa_588752_e4	1926	469	75.6	478	65	86.4	2404	534	77.8
Mplatycarpa_588752	Mplatycarpa_588752_e5	10613	3013	71.6	2763	444	83.9	13376	3457	74.2
Mplatycarpa_588752	Mplatycarpa_588752_e6	6536	2513	61.6	1590	210	86.8	8126	2723	66.5
Mplatycarpa_588752	Mplatycarpa_588752_e7	955	406	57.5	255	58	77.3	1210	464	61.7
Mplatycarpa_588752	Mplatycarpa_588752_e8	18411	3532	80.8	4629	693	85.0	23040	4225	81.7
Mplatycarpa_588752	Mplatycarpa_588752_e9	837	339	59.5	229	58	74.7	1066	397	62.8
Mplatycarpa_588752	Mplatycarpa_588752_sim_e1	4	2	50.0	2	0	100.0	6	2	66.7
Mplatycarpa_588752	Mplatycarpa_588752_sim_e2	2	1	50.0	2	0	100.0	4	1	75.0
Mplatycarpa_588752	Mplatycarpa_588752_sim_e3	1	0	100.0	1	0	100.0	2	0	100.0
Mplatycarpa_588752	Mplatycarpa_588752_sim_e4	3253	94	97.1	480	5	99.0	3733	99	97.3
Mplatycarpa_588752	Mplatycarpa_588752_sim_e5	3246	77	97.6	431	1	99.8	3677	78	97.9
Mplatycarpa_588752	Mplatycarpa_588752_sim_e6	3337	74	97.8	453	2	99.6	3790	76	98.0
Mplatycarpa_588847	Mplatycarpa_588847_a	48669	6057	87.6	10757	1846	82.8	59426	7903	86.7
Mplatycarpa_588847	Mplatycarpa_588847_b	69967	8165	88.3	15401	2694	82.5	85368	10859	87.3
Mplatycarpa_588847	Mplatycarpa_588847_e1	564	282	50.0	163	31	81.0	727	313	56.9
Mplatycarpa_588847	Mplatycarpa_588847_e10	1178	411	65.1	366	91	75.1	1544	502	67.5
Mplatycarpa_588847	Mplatycarpa_588847_e11	20017	4601	77.0	4793	778	83.8	24810	5379	78.3
Mplatycarpa_588847	Mplatycarpa_588847_e12	8790	2382	72.9	2182	322	85.2	10972	2704	75.4
Mplatycarpa_588847	Mplatycarpa_588847_e13	3198	829	74.1	851	108	87.3	4049	937	76.9
Mplatycarpa_588847	Mplatycarpa_588847_e14	3661	1256	65.7	1013	158	84.4	4674	1414	69.7
Mplatycarpa_588847	Mplatycarpa_588847_e15	39156	7639	80.5	9316	1516	83.7	48472	9155	81.1
Mplatycarpa_588847	Mplatycarpa_588847_e16	44813	13644	69.6	10281	1934	81.2	55094	15578	71.7
Mplatycarpa_588847	Mplatycarpa_588847_e17	64339	8996	86.0	14981	2793	81.4	79320	11789	85.1
Mplatycarpa_588847	Mplatycarpa_588847_e18	665	262	60.6	178	44	75.3	843	306	63.7
Mplatycarpa_588847	Mplatycarpa_588847_e19	28866	7811	72.9	6802	1235	81.8	35668	9046	74.6
Mplatycarpa_588847	Mplatycarpa_588847_e2	78722	12356	84.3	17580	3221	81.7	96302	15577	83.8
Mplatycarpa_588847	Mplatycarpa_588847_e20	11111	4153	62.6	2815	542	80.7	13926	4695	66.3
Mplatycarpa_588847	Mplatycarpa_588847_e21	4929	1530	69.0	1304	190	85.4	6233	1720	72.4
Mplatycarpa_588847	Mplatycarpa_588847_e22	30771	9740	68.3	7367	1249	83.0	38138	10989	71.2
Mplatycarpa_588847	Mplatycarpa_588847_e23	16915	5017	70.3	4179	621	85.1	21094	5638	73.3
Mplatycarpa_588847	Mplatycarpa_588847_e3	727	287	60.5	183	22	88.0	910	309	66.0
Mplatycarpa_588847	Mplatycarpa_588847_e4	2366	765	67.7	655	117	82.1	3021	882	70.8
Mplatycarpa_588847	Mplatycarpa_588847_e5	39828	7362	81.5	9327	1562	83.3	49155	8924	81.8
Mplatycarpa_588847	Mplatycarpa_588847_e6	74748	10928	85.4	16304	2604	84.0	91052	13532	85.1
Mplatycarpa_588847	Mplatycarpa_588847_e8	7690	1831	76.2	1942	328	83.1	9632	2159	77.6
Mplatycarpa_588847	Mplatycarpa_588847_e9	255	75	70.6	83	12	85.5	338	87	74.3
Mplatycarpa_588847	Mplatycarpa_588847_sim_e1	8	0	100.0	1	0	100.0	9	0	100.0
Mplatycarpa_588847	Mplatycarpa_588847_sim_e2	6	0	100.0	1	0	100.0	7	0	100.0
Mplatycarpa_588847	Mplatycarpa_588847_sim_e3	5	1	80.0	0	0	NA	5	1	80.0
Mplatycarpa_588847	Mplatycarpa_588847_sim_e4	3069	78	97.5	441	4	99.1	3510	82	97.7
Mplatycarpa_588847	Mplatycarpa_588847_sim_e5	3159	86	97.3	448	1	99.8	3607	87	97.6
Mplatycarpa_588847	Mplatycarpa_588847_sim_e6	3027	84	97.2	478	3	99.4	3505	87	97.5
Mplatycarpa_589198	Mplatycarpa_589198_a	4375	247	94.4	7133	68	99.0	11508	315	97.3
Mplatycarpa_589198	Mplatycarpa_589198_e1	10848	289	97.3	49445	42671	13.7	60293	42960	28.7
Mplatycarpa_589198	Mplatycarpa_589198_e10	3836	193	95.0	12261	9442	23.0	16097	9635	40.1
Mplatycarpa_589198	Mplatycarpa_589198_e11	11331	488	95.7	34437	26951	21.7	45768	27439	40.0
Mplatycarpa_589198	Mplatycarpa_589198_e12	12329	452	96.3	40341	31895	20.9	52670	32347	38.6
Mplatycarpa_589198	Mplatycarpa_589198_e13	0	0	NA	0	0	NA	0	0	NA
Mplatycarpa_589198	Mplatycarpa_589198_e14	10712	454	95.8	36782	28702	22.0	47494	29156	38.6
Mplatycarpa_589198	Mplatycarpa_589198_e15	5877	160	97.3	26176	22491	14.1	32053	22651	29.3
Mplatycarpa_589198	Mplatycarpa_589198_e16	5370	131	97.6	22359	19350	13.5	27729	19481	29.7
Mplatycarpa_589198	Mplatycarpa_589198_e17	0	0	NA	0	0	NA	0	0	NA
Mplatycarpa_589198	Mplatycarpa_589198_e18	11865	573	95.2	39969	31101	22.2	51834	31674	38.9
Mplatycarpa_589198	Mplatycarpa_589198_e19	10828	484	95.5	35978	28130	21.8	46806	28614	38.9
Mplatycarpa_589198	Mplatycarpa_589198_e2	7319	199	97.3	31857	27565	13.5	39176	27764	29.1
Mplatycarpa_589198	Mplatycarpa_589198_e20	20599	805	96.1	73356	58564	20.2	93955	59369	36.8
Mplatycarpa_589198	Mplatycarpa_589198_e3	11440	257	97.8	48885	42284	13.5	60325	42541	29.5
Mplatycarpa_589198	Mplatycarpa_589198_e4	7581	188	97.5	32877	29017	11.7	40458	29205	27.8
Mplatycarpa_589198	Mplatycarpa_589198_e5	0	0	NA	0	0	NA	0	0	NA
Mplatycarpa_589198	Mplatycarpa_589198_e6	6974	193	97.2	30932	26524	14.3	37906	26717	29.5
Mplatycarpa_589198	Mplatycarpa_589198_e7	6629	165	97.5	30198	26185	13.3	36827	26350	28.4
Mplatycarpa_589198	Mplatycarpa_589198_e8	16455	439	97.3	77473	68290	11.9	93928	68729	26.8
Mplatycarpa_589198	Mplatycarpa_589198_e9	11566	464	96.0	36570	28760	21.4	48136	29224	39.3
Mplatycarpa_589198	Mplatycarpa_589198_sim_e1	63	1	98.4	31	0	100.0	94	1	98.9
Mplatycarpa_589198	Mplatycarpa_589198_sim_e2	57	1	98.2	26	0	100.0	83	1	98.8
Mplatycarpa_589198	Mplatycarpa_589198_sim_e3	54	4	92.6	33	0	100.0	87	4	95.4
Mplatycarpa_589198	Mplatycarpa_589198_sim_e4	7849	153	98.1	5517	10	99.8	13366	163	98.8
Mplatycarpa_589198	Mplatycarpa_589198_sim_e5	7658	166	97.8	5559	5	99.9	13217	171	98.7
Mplatycarpa_589198	Mplatycarpa_589198_sim_e6	7701	144	98.1	5571	12	99.8	13272	156	98.8
Mplatycarpa_589356	Mplatycarpa_589356_a	58340	7137	87.8	12261	1873	84.7	70601	9010	87.2
Mplatycarpa_589356	Mplatycarpa_589356_b	60365	7202	88.1	12825	2117	83.5	73190	9319	87.3
Mplatycarpa_589356	Mplatycarpa_589356_e1	0	0	NA	1	0	100.0	1	0	100.0
Mplatycarpa_589356	Mplatycarpa_589356_e10	11993	2912	75.7	3050	419	86.3	15043	3331	77.9
Mplatycarpa_589356	Mplatycarpa_589356_e11	15480	4655	69.9	3532	489	86.2	19012	5144	72.9
Mplatycarpa_589356	Mplatycarpa_589356_e12	66661	11431	82.9	14792	2216	85.0	81453	13647	83.2
Mplatycarpa_589356	Mplatycarpa_589356_e13	541	159	70.6	142	16	88.7	683	175	74.4
Mplatycarpa_589356	Mplatycarpa_589356_e14	2165	1124	48.1	545	105	80.7	2710	1229	54.6
Mplatycarpa_589356	Mplatycarpa_589356_e15	8758	3609	58.8	2148	323	85.0	10906	3932	63.9
Mplatycarpa_589356	Mplatycarpa_589356_e16	3401	1134	66.7	888	119	86.6	4289	1253	70.8
Mplatycarpa_589356	Mplatycarpa_589356_e17	34464	5295	84.6	7568	1197	84.2	42032	6492	84.6
Mplatycarpa_589356	Mplatycarpa_589356_e18	2515	359	85.7	975	496	49.1	3490	855	75.5
Mplatycarpa_589356	Mplatycarpa_589356_e19	66220	14299	78.4	15181	2515	83.4	81401	16814	79.3
Mplatycarpa_589356	Mplatycarpa_589356_e2	19425	7141	63.2	4497	785	82.5	23922	7926	66.9
Mplatycarpa_589356	Mplatycarpa_589356_e20	55144	14455	73.8	12054	2116	82.4	67198	16571	75.3
Mplatycarpa_589356	Mplatycarpa_589356_e21	22868	4978	78.2	5533	814	85.3	28401	5792	79.6
Mplatycarpa_589356	Mplatycarpa_589356_e22	108275	14501	86.6	22714	3820	83.2	130989	18321	86.0
Mplatycarpa_589356	Mplatycarpa_589356_e23	39668	7502	81.1	9214	1448	84.3	48882	8950	81.7
Mplatycarpa_589356	Mplatycarpa_589356_e3	43380	11222	74.1	9665	1768	81.7	53045	12990	75.5
Mplatycarpa_589356	Mplatycarpa_589356_e4	2324	946	59.3	607	120	80.2	2931	1066	63.6
Mplatycarpa_589356	Mplatycarpa_589356_e5	29925	7077	76.4	7056	1057	85.0	36981	8134	78.0
Mplatycarpa_589356	Mplatycarpa_589356_e6	9859	2828	71.3	2559	380	85.2	12418	3208	74.2
Mplatycarpa_589356	Mplatycarpa_589356_e8	16199	4116	74.6	3888	633	83.7	20087	4749	76.4
Mplatycarpa_589356	Mplatycarpa_589356_e9	11316	4300	62.0	2715	357	86.9	14031	4657	66.8
Mplatycarpa_589356	Mplatycarpa_589356_sim_e1	11	1	90.9	0	0	NA	11	1	90.9
Mplatycarpa_589356	Mplatycarpa_589356_sim_e2	4	0	100.0	1	0	100.0	5	0	100.0
Mplatycarpa_589356	Mplatycarpa_589356_sim_e3	6	0	100.0	3	0	100.0	9	0	100.0
Mplatycarpa_589356	Mplatycarpa_589356_sim_e4	3647	117	96.8	506	5	99.0	4153	122	97.1
Mplatycarpa_589356	Mplatycarpa_589356_sim_e5	3602	122	96.6	463	1	99.8	4065	123	97.0
Mplatycarpa_589356	Mplatycarpa_589356_sim_e6	3661	106	97.1	471	6	98.7	4132	112	97.3
Mplatycarpa_589415	Mplatycarpa_589415_a	40825	5139	87.4	8693	1556	82.1	49518	6695	86.5
Mplatycarpa_589415	Mplatycarpa_589415_b	21280	2901	86.4	4677	838	82.1	25957	3739	85.6
Mplatycarpa_589415	Mplatycarpa_589415_e1	25270	4075	83.9	5750	1004	82.5	31020	5079	83.6
Mplatycarpa_589415	Mplatycarpa_589415_e10	22781	4216	81.5	5210	804	84.6	27991	5020	82.1
Mplatycarpa_589415	Mplatycarpa_589415_e11	13040	3050	76.6	3092	487	84.2	16132	3537	78.1
Mplatycarpa_589415	Mplatycarpa_589415_e12	25817	4239	83.6	5865	935	84.1	31682	5174	83.7
Mplatycarpa_589415	Mplatycarpa_589415_e13	73540	8656	88.2	14888	2494	83.2	88428	11150	87.4
Mplatycarpa_589415	Mplatycarpa_589415_e14	41717	6727	83.9	9145	1461	84.0	50862	8188	83.9
Mplatycarpa_589415	Mplatycarpa_589415_e15	54594	20345	62.7	11644	2100	82.0	66238	22445	66.1
Mplatycarpa_589415	Mplatycarpa_589415_e16	1750	428	75.5	464	93	80.0	2214	521	76.5
Mplatycarpa_589415	Mplatycarpa_589415_e17	15826	2811	82.2	3706	553	85.1	19532	3364	82.8
Mplatycarpa_589415	Mplatycarpa_589415_e18	33084	6006	81.8	7412	1231	83.4	40496	7237	82.1
Mplatycarpa_589415	Mplatycarpa_589415_e2	4615	1377	70.2	1099	202	81.6	5714	1579	72.4
Mplatycarpa_589415	Mplatycarpa_589415_e20	6859	1604	76.6	1652	319	80.7	8511	1923	77.4
Mplatycarpa_589415	Mplatycarpa_589415_e21	1873	479	74.4	500	84	83.2	2373	563	76.3
Mplatycarpa_589415	Mplatycarpa_589415_e22	35003	4768	86.4	7505	1283	82.9	42508	6051	85.8
Mplatycarpa_589415	Mplatycarpa_589415_e23	8074	2663	67.0	1954	370	81.1	10028	3033	69.8
Mplatycarpa_589415	Mplatycarpa_589415_e3	75900	8059	89.4	15409	2720	82.3	91309	10779	88.2
Mplatycarpa_589415	Mplatycarpa_589415_e4	1940	494	74.5	465	84	81.9	2405	578	76.0
Mplatycarpa_589415	Mplatycarpa_589415_e5	17520	2875	83.6	3986	721	81.9	21506	3596	83.3
Mplatycarpa_589415	Mplatycarpa_589415_e6	9843	1776	82.0	2279	383	83.2	12122	2159	82.2
Mplatycarpa_589415	Mplatycarpa_589415_e7	2341	581	75.2	587	124	78.9	2928	705	75.9
Mplatycarpa_589415	Mplatycarpa_589415_e8	7674	1434	81.3	1780	393	77.9	9454	1827	80.7
Mplatycarpa_589415	Mplatycarpa_589415_e9	51489	6811	86.8	10939	1807	83.5	62428	8618	86.2
Mplatycarpa_589415	Mplatycarpa_589415_sim_e1	8	0	100.0	1	0	100.0	9	0	100.0
Mplatycarpa_589415	Mplatycarpa_589415_sim_e2	9	1	88.9	1	0	100.0	10	1	90.0
Mplatycarpa_589415	Mplatycarpa_589415_sim_e3	12	0	100.0	2	0	100.0	14	0	100.0
Mplatycarpa_589415	Mplatycarpa_589415_sim_e4	3975	112	97.2	425	1	99.8	4400	113	97.4
Mplatycarpa_589415	Mplatycarpa_589415_sim_e5	3939	125	96.8	434	2	99.5	4373	127	97.1
Mplatycarpa_589415	Mplatycarpa_589415_sim_e6	4038	118	97.1	417	1	99.8	4455	119	97.3
Mprunifolia_588914	Mprunifolia_588914_a	33717	532	98.4	12928	329	97.5	46645	861	98.2
Mprunifolia_588914	Mprunifolia_588914_b	29054	455	98.4	11413	282	97.5	40467	737	98.2
Mprunifolia_588914	Mprunifolia_588914_e1	0	0	NA	0	0	NA	0	0	NA
Mprunifolia_588914	Mprunifolia_588914_e10	10460	2798	73.3	10818	6829	36.9	21278	9627	54.8
Mprunifolia_588914	Mprunifolia_588914_e11	9447	2735	71.0	9092	5608	38.3	18539	8343	55.0
Mprunifolia_588914	Mprunifolia_588914_e12	7327	1998	72.7	7391	4419	40.2	14718	6417	56.4
Mprunifolia_588914	Mprunifolia_588914_e13	3421	1010	70.5	3719	2253	39.4	7140	3263	54.3
Mprunifolia_588914	Mprunifolia_588914_e14	2108	512	75.7	2143	1343	37.3	4251	1855	56.4
Mprunifolia_588914	Mprunifolia_588914_e15	680	188	72.4	652	352	46.0	1332	540	59.5
Mprunifolia_588914	Mprunifolia_588914_e16	17336	5065	70.8	24148	17315	28.3	41484	22380	46.1
Mprunifolia_588914	Mprunifolia_588914_e17	8	2	75.0	13	8	38.5	21	10	52.4
Mprunifolia_588914	Mprunifolia_588914_e18	38	16	57.9	51	32	37.3	89	48	46.1
Mprunifolia_588914	Mprunifolia_588914_e19	405	115	71.6	595	397	33.3	1000	512	48.8
Mprunifolia_588914	Mprunifolia_588914_e2	0	0	NA	3	3	0.0	3	3	0.0
Mprunifolia_588914	Mprunifolia_588914_e20	4276	758	82.3	4964	3236	34.8	9240	3994	56.8
Mprunifolia_588914	Mprunifolia_588914_e21	229	64	72.1	283	158	44.2	512	222	56.6
Mprunifolia_588914	Mprunifolia_588914_e22	8	2	75.0	4	1	75.0	12	3	75.0
Mprunifolia_588914	Mprunifolia_588914_e23	58	24	58.6	79	55	30.4	137	79	42.3
Mprunifolia_588914	Mprunifolia_588914_e3	511	130	74.6	525	334	36.4	1036	464	55.2
Mprunifolia_588914	Mprunifolia_588914_e4	10696	2395	77.6	11705	7628	34.8	22401	10023	55.3
Mprunifolia_588914	Mprunifolia_588914_e5	11703	3071	73.8	14126	9450	33.1	25829	12521	51.5
Mprunifolia_588914	Mprunifolia_588914_e6	344	133	61.3	431	303	29.7	775	436	43.7
Mprunifolia_588914	Mprunifolia_588914_e7	400	84	79.0	362	212	41.4	762	296	61.2
Mprunifolia_588914	Mprunifolia_588914_e8	317	126	60.3	313	162	48.2	630	288	54.3
Mprunifolia_588914	Mprunifolia_588914_e9	168	48	71.4	168	96	42.9	336	144	57.1
Mprunifolia_588914	Mprunifolia_588914_sim_e1	61	3	95.1	11	0	100.0	72	3	95.8
Mprunifolia_588914	Mprunifolia_588914_sim_e2	43	3	93.0	11	0	100.0	54	3	94.4
Mprunifolia_588914	Mprunifolia_588914_sim_e3	54	4	92.6	9	0	100.0	63	4	93.7
Mprunifolia_588914	Mprunifolia_588914_sim_e4	11148	143	98.7	3337	4	99.9	14485	147	99.0
Mprunifolia_588914	Mprunifolia_588914_sim_e5	11081	138	98.8	3419	5	99.9	14500	143	99.0
Mprunifolia_588914	Mprunifolia_588914_sim_e6	10911	141	98.7	3448	5	99.9	14359	146	99.0
Mrobusta_588825	Mrobusta_588825_a	9242	302	96.7	5133	56	98.9	14375	358	97.5
Mrobusta_588825	Mrobusta_588825_b	8581	220	97.4	4899	40	99.2	13480	260	98.1
Mrobusta_588825	Mrobusta_588825_e1	20038	5245	73.8	19657	8614	56.2	39695	13859	65.1
Mrobusta_588825	Mrobusta_588825_e10	750	183	75.6	947	554	41.5	1697	737	56.6
Mrobusta_588825	Mrobusta_588825_e11	864	281	67.5	1050	506	51.8	1914	787	58.9
Mrobusta_588825	Mrobusta_588825_e12	14886	2333	84.3	17037	9727	42.9	31923	12060	62.2
Mrobusta_588825	Mrobusta_588825_e13	8339	2529	69.7	10281	5623	45.3	18620	8152	56.2
Mrobusta_588825	Mrobusta_588825_e14	1740	566	67.5	2209	1288	41.7	3949	1854	53.1
Mrobusta_588825	Mrobusta_588825_e15	5703	887	84.4	6389	4397	31.2	12092	5284	56.3
Mrobusta_588825	Mrobusta_588825_e16	6854	1112	83.8	7680	5163	32.8	14534	6275	56.8
Mrobusta_588825	Mrobusta_588825_e17	7945	1343	83.1	9165	6002	34.5	17110	7345	57.1
Mrobusta_588825	Mrobusta_588825_e18	3249	493	84.8	3519	2525	28.2	6768	3018	55.4
Mrobusta_588825	Mrobusta_588825_e19	2295	625	72.8	2354	1105	53.1	4649	1730	62.8
Mrobusta_588825	Mrobusta_588825_e2	2010	604	70.0	1936	571	70.5	3946	1175	70.2
Mrobusta_588825	Mrobusta_588825_e20	10172	2765	72.8	12131	6652	45.2	22303	9417	57.8
Mrobusta_588825	Mrobusta_588825_e21	12490	2127	83.0	16095	10746	33.2	28585	12873	55.0
Mrobusta_588825	Mrobusta_588825_e22	2592	568	78.1	3147	1908	39.4	5739	2476	56.9
Mrobusta_588825	Mrobusta_588825_e23	621	130	79.1	739	433	41.4	1360	563	58.6
Mrobusta_588825	Mrobusta_588825_e3	3078	632	79.5	3269	1649	49.6	6347	2281	64.1
Mrobusta_588825	Mrobusta_588825_e4	18615	4436	76.2	22980	13239	42.4	41595	17675	57.5
Mrobusta_588825	Mrobusta_588825_e5	6731	1719	74.5	8109	4189	48.3	14840	5908	60.2
Mrobusta_588825	Mrobusta_588825_e6	25524	3705	85.5	33416	23293	30.3	58940	26998	54.2
Mrobusta_588825	Mrobusta_588825_e7	4729	736	84.4	5572	3726	33.1	10301	4462	56.7
Mrobusta_588825	Mrobusta_588825_e8	5900	1875	68.2	5950	2793	53.1	11850	4668	60.6
Mrobusta_588825	Mrobusta_588825_e9	4595	1134	75.3	6826	3929	42.4	11421	5063	55.7
Mrobusta_588825	Mrobusta_588825_sim_e1	116	6	94.8	27	0	100.0	143	6	95.8
Mrobusta_588825	Mrobusta_588825_sim_e2	97	3	96.9	31	0	100.0	128	3	97.7
Mrobusta_588825	Mrobusta_588825_sim_e3	98	4	95.9	26	0	100.0	124	4	96.8
Mrobusta_588825	Mrobusta_588825_sim_e4	15986	181	98.9	7086	6	99.9	23072	187	99.2
Mrobusta_588825	Mrobusta_588825_sim_e5	15950	203	98.7	6967	5	99.9	22917	208	99.1
Mrobusta_588825	Mrobusta_588825_sim_e6	16023	188	98.8	7013	7	99.9	23036	195	99.2
Mrobusta_589383	Mrobusta_589383_a	54110	964	98.2	32724	573	98.2	86834	1537	98.2
Mrobusta_589383	Mrobusta_589383_b	69003	1236	98.2	42086	585	98.6	111089	1821	98.4
Mrobusta_589383	Mrobusta_589383_e1	4009	590	85.3	5297	3077	41.9	9306	3667	60.6
Mrobusta_589383	Mrobusta_589383_e10	1952	337	82.7	1843	969	47.4	3795	1306	65.6
Mrobusta_589383	Mrobusta_589383_e11	6735	1123	83.3	8854	5434	38.6	15589	6557	57.9
Mrobusta_589383	Mrobusta_589383_e12	10746	2371	77.9	16168	9637	40.4	26914	12008	55.4
Mrobusta_589383	Mrobusta_589383_e13	10243	1739	83.0	10609	4896	53.9	20852	6635	68.2
Mrobusta_589383	Mrobusta_589383_e14	37703	6768	82.0	41350	18974	54.1	79053	25742	67.4
Mrobusta_589383	Mrobusta_589383_e15	13224	2908	78.0	14573	8998	38.3	27797	11906	57.2
Mrobusta_589383	Mrobusta_589383_e16	862	226	73.8	1035	413	60.1	1897	639	66.3
Mrobusta_589383	Mrobusta_589383_e17	2019	747	63.0	2853	1591	44.2	4872	2338	52.0
Mrobusta_589383	Mrobusta_589383_e18	372	86	76.9	681	452	33.6	1053	538	48.9
Mrobusta_589383	Mrobusta_589383_e19	2750	990	64.0	2793	1413	49.4	5543	2403	56.6
Mrobusta_589383	Mrobusta_589383_e2	15060	2169	85.6	17838	11247	36.9	32898	13416	59.2
Mrobusta_589383	Mrobusta_589383_e20	711	165	76.8	718	316	56.0	1429	481	66.3
Mrobusta_589383	Mrobusta_589383_e21	125	30	76.0	158	84	46.8	283	114	59.7
Mrobusta_589383	Mrobusta_589383_e22	569	131	77.0	703	417	40.7	1272	548	56.9
Mrobusta_589383	Mrobusta_589383_e23	396	102	74.2	417	175	58.0	813	277	65.9
Mrobusta_589383	Mrobusta_589383_e3	750	246	67.2	974	418	57.1	1724	664	61.5
Mrobusta_589383	Mrobusta_589383_e4	2967	510	82.8	3780	2260	40.2	6747	2770	58.9
Mrobusta_589383	Mrobusta_589383_e5	622	181	70.9	905	536	40.8	1527	717	53.0
Mrobusta_589383	Mrobusta_589383_e6	2479	447	82.0	2640	1207	54.3	5119	1654	67.7
Mrobusta_589383	Mrobusta_589383_e7	3639	803	77.9	3756	1983	47.2	7395	2786	62.3
Mrobusta_589383	Mrobusta_589383_e8	12942	3693	71.5	14267	7712	45.9	27209	11405	58.1
Mrobusta_589383	Mrobusta_589383_e9	7299	1238	83.0	8019	3623	54.8	15318	4861	68.3
Mrobusta_589383	Mrobusta_589383_sim_e1	34	3	91.2	14	0	100.0	48	3	93.8
Mrobusta_589383	Mrobusta_589383_sim_e2	54	3	94.4	11	0	100.0	65	3	95.4
Mrobusta_589383	Mrobusta_589383_sim_e3	35	0	100.0	6	0	100.0	41	0	100.0
Mrobusta_589383	Mrobusta_589383_sim_e4	10720	97	99.1	4453	3	99.9	15173	100	99.3
Mrobusta_589383	Mrobusta_589383_sim_e5	10572	85	99.2	4404	4	99.9	14976	89	99.4
Mrobusta_589383	Mrobusta_589383_sim_e6	10634	119	98.9	4375	3	99.9	15009	122	99.2
Mrockii_589279	Mrockii_589279_a	4368	114	97.4	1130	44	96.1	5498	158	97.1
Mrockii_589279	Mrockii_589279_b	2368	47	98.0	601	24	96.0	2969	71	97.6
Mrockii_589279	Mrockii_589279_c	3116	87	97.2	770	23	97.0	3886	110	97.2
Mrockii_589279	Mrockii_589279_e1	361	121	66.5	236	139	41.1	597	260	56.4
Mrockii_589279	Mrockii_589279_e10	652	161	75.3	539	281	47.9	1191	442	62.9
Mrockii_589279	Mrockii_589279_e11	10215	1961	80.8	7227	4505	37.7	17442	6466	62.9
Mrockii_589279	Mrockii_589279_e12	24331	3481	85.7	15414	9360	39.3	39745	12841	67.7
Mrockii_589279	Mrockii_589279_e13	10086	2180	78.4	7618	4426	41.9	17704	6606	62.7
Mrockii_589279	Mrockii_589279_e14	4854	1008	79.2	3455	2241	35.1	8309	3249	60.9
Mrockii_589279	Mrockii_589279_e15	36	8	77.8	17	8	52.9	53	16	69.8
Mrockii_589279	Mrockii_589279_e16	11463	2065	82.0	7646	4694	38.6	19109	6759	64.6
Mrockii_589279	Mrockii_589279_e17	6148	1255	79.6	4833	3138	35.1	10981	4393	60.0
Mrockii_589279	Mrockii_589279_e18	3644	1619	55.6	1974	1070	45.8	5618	2689	52.1
Mrockii_589279	Mrockii_589279_e19	2678	1131	57.8	1315	633	51.9	3993	1764	55.8
Mrockii_589279	Mrockii_589279_e2	18002	3793	78.9	12784	7646	40.2	30786	11439	62.8
Mrockii_589279	Mrockii_589279_e20	16485	3201	80.6	12296	7257	41.0	28781	10458	63.7
Mrockii_589279	Mrockii_589279_e21	4250	949	77.7	3008	1910	36.5	7258	2859	60.6
Mrockii_589279	Mrockii_589279_e22	8366	1249	85.1	5243	2914	44.4	13609	4163	69.4
Mrockii_589279	Mrockii_589279_e23	11040	3940	64.3	6591	3750	43.1	17631	7690	56.4
Mrockii_589279	Mrockii_589279_e3	23087	7617	67.0	16809	10118	39.8	39896	17735	55.5
Mrockii_589279	Mrockii_589279_e4	19440	5603	71.2	12177	7373	39.5	31617	12976	59.0
Mrockii_589279	Mrockii_589279_e5	21147	5213	75.3	15320	9049	40.9	36467	14262	60.9
Mrockii_589279	Mrockii_589279_e7	37053	11332	69.4	18917	9745	48.5	55970	21077	62.3
Mrockii_589279	Mrockii_589279_e8	17561	2321	86.8	10322	6126	40.7	27883	8447	69.7
Mrockii_589279	Mrockii_589279_e9	8010	1377	82.8	4684	2684	42.7	12694	4061	68.0
Mrockii_589279	Mrockii_589279_sim_e1	162	6	96.3	31	1	96.8	193	7	96.4
Mrockii_589279	Mrockii_589279_sim_e2	161	6	96.3	35	0	100.0	196	6	96.9
Mrockii_589279	Mrockii_589279_sim_e3	147	5	96.6	33	0	100.0	180	5	97.2
Mrockii_589279	Mrockii_589279_sim_e4	18444	152	99.2	3649	4	99.9	22093	156	99.3
Mrockii_589279	Mrockii_589279_sim_e5	18272	164	99.1	3604	5	99.9	21876	169	99.2
Mrockii_589279	Mrockii_589279_sim_e6	18347	152	99.2	3636	2	99.9	21983	154	99.3
Msargentii_589372	Msargentii_589372_a	27396	1102	96.0	31263	510	98.4	58659	1612	97.3
Msargentii_589372	Msargentii_589372_b	20551	829	96.0	23199	333	98.6	43750	1162	97.3
Msargentii_589372	Msargentii_589372_c	15633	631	96.0	17670	283	98.4	33303	914	97.3
Msargentii_589372	Msargentii_589372_e1	4869	274	94.4	5354	69	98.7	10223	343	96.6
Msargentii_589372	Msargentii_589372_e11	37159	1892	94.9	44652	749	98.3	81811	2641	96.8
Msargentii_589372	Msargentii_589372_e12	27182	1076	96.0	31765	488	98.5	58947	1564	97.3
Msargentii_589372	Msargentii_589372_e13	26135	1481	94.3	32285	488	98.5	58420	1969	96.6
Msargentii_589372	Msargentii_589372_e14	35562	1377	96.1	43244	664	98.5	78806	2041	97.4
Msargentii_589372	Msargentii_589372_e15	26800	1099	95.9	31107	474	98.5	57907	1573	97.3
Msargentii_589372	Msargentii_589372_e16	23698	1009	95.7	28259	433	98.5	51957	1442	97.2
Msargentii_589372	Msargentii_589372_e17	11139	1382	87.6	13720	204	98.5	24859	1586	93.6
Msargentii_589372	Msargentii_589372_e18	22455	961	95.7	26269	376	98.6	48724	1337	97.3
Msargentii_589372	Msargentii_589372_e19	14121	598	95.8	16530	229	98.6	30651	827	97.3
Msargentii_589372	Msargentii_589372_e2	10054	482	95.2	11448	175	98.5	21502	657	96.9
Msargentii_589372	Msargentii_589372_e20	33180	1369	95.9	40032	593	98.5	73212	1962	97.3
Msargentii_589372	Msargentii_589372_e21	27615	758	97.3	30990	8095	73.9	58605	8853	84.9
Msargentii_589372	Msargentii_589372_e22	36366	1869	94.9	44641	766	98.3	81007	2635	96.7
Msargentii_589372	Msargentii_589372_e23	47073	1799	96.2	57286	962	98.3	104359	2761	97.4
Msargentii_589372	Msargentii_589372_e4	27962	1505	94.6	33684	500	98.5	61646	2005	96.7
Msargentii_589372	Msargentii_589372_e5	35087	1232	96.5	41795	8223	80.3	76882	9455	87.7
Msargentii_589372	Msargentii_589372_e6	30869	1320	95.7	36697	592	98.4	67566	1912	97.2
Msargentii_589372	Msargentii_589372_e7	20708	816	96.1	23198	354	98.5	43906	1170	97.3
Msargentii_589372	Msargentii_589372_e8	30906	1326	95.7	37058	594	98.4	67964	1920	97.2
Msargentii_589372	Msargentii_589372_e9	35218	1743	95.1	42650	717	98.3	77868	2460	96.8
Msargentii_589372	Msargentii_589372_sim_e1	18	4	77.8	2	0	100.0	20	4	80.0
Msargentii_589372	Msargentii_589372_sim_e2	5	0	100.0	2	0	100.0	7	0	100.0
Msargentii_589372	Msargentii_589372_sim_e3	17	0	100.0	2	0	100.0	19	0	100.0
Msargentii_589372	Msargentii_589372_sim_e4	4914	52	98.9	2240	4	99.8	7154	56	99.2
Msargentii_589372	Msargentii_589372_sim_e5	5015	41	99.2	2205	3	99.9	7220	44	99.4
Msargentii_589372	Msargentii_589372_sim_e6	4974	54	98.9	2285	4	99.8	7259	58	99.2
Msikkimensis_589599	Msikkimensis_589599_a	67056	1418	97.9	16501	689	95.8	83557	2107	97.5
Msikkimensis_589599	Msikkimensis_589599_b	47820	1045	97.8	11791	514	95.6	59611	1559	97.4
Msikkimensis_589599	Msikkimensis_589599_e1	6158	227	96.3	1561	66	95.8	7719	293	96.2
Msikkimensis_589599	Msikkimensis_589599_e10	1252	91	92.7	592	182	69.3	1844	273	85.2
Msikkimensis_589599	Msikkimensis_589599_e11	1250	45	96.4	412	145	64.8	1662	190	88.6
Msikkimensis_589599	Msikkimensis_589599_e12	891	206	76.9	785	464	40.9	1676	670	60.0
Msikkimensis_589599	Msikkimensis_589599_e13	1370	147	89.3	660	342	48.2	2030	489	75.9
Msikkimensis_589599	Msikkimensis_589599_e14	7467	512	93.1	3198	1893	40.8	10665	2405	77.4
Msikkimensis_589599	Msikkimensis_589599_e15	1141	219	80.8	609	296	51.4	1750	515	70.6
Msikkimensis_589599	Msikkimensis_589599_e16	3443	97	97.2	1106	394	64.4	4549	491	89.2
Msikkimensis_589599	Msikkimensis_589599_e17	5029	287	94.3	2101	1213	42.3	7130	1500	79.0
Msikkimensis_589599	Msikkimensis_589599_e18	518	41	92.1	214	69	67.8	732	110	85.0
Msikkimensis_589599	Msikkimensis_589599_e19	94	23	75.5	30	1	96.7	124	24	80.6
Msikkimensis_589599	Msikkimensis_589599_e2	6164	315	94.9	1727	78	95.5	7891	393	95.0
Msikkimensis_589599	Msikkimensis_589599_e20	11935	725	93.9	5318	3061	42.4	17253	3786	78.1
Msikkimensis_589599	Msikkimensis_589599_e21	7107	389	94.5	3085	1831	40.6	10192	2220	78.2
Msikkimensis_589599	Msikkimensis_589599_e22	15563	754	95.2	6356	3729	41.3	21919	4483	79.5
Msikkimensis_589599	Msikkimensis_589599_e23	5082	671	86.8	2676	1420	46.9	7758	2091	73.0
Msikkimensis_589599	Msikkimensis_589599_e3	111	8	92.8	36	2	94.4	147	10	93.2
Msikkimensis_589599	Msikkimensis_589599_e4	75	6	92.0	28	1	96.4	103	7	93.2
Msikkimensis_589599	Msikkimensis_589599_e5	722	59	91.8	229	4	98.3	951	63	93.4
Msikkimensis_589599	Msikkimensis_589599_e6	116	17	85.3	53	5	90.6	169	22	87.0
Msikkimensis_589599	Msikkimensis_589599_e7	1627	242	85.1	846	386	54.4	2473	628	74.6
Msikkimensis_589599	Msikkimensis_589599_e8	1869	85	95.5	453	22	95.1	2322	107	95.4
Msikkimensis_589599	Msikkimensis_589599_e9	513	91	82.3	302	136	55.0	815	227	72.1
Msikkimensis_589599	Msikkimensis_589599_sim_e1	7	0	100.0	0	0	NA	7	0	100.0
Msikkimensis_589599	Msikkimensis_589599_sim_e2	5	0	100.0	0	0	NA	5	0	100.0
Msikkimensis_589599	Msikkimensis_589599_sim_e3	9	0	100.0	2	0	100.0	11	0	100.0
Msikkimensis_589599	Msikkimensis_589599_sim_e4	4899	73	98.5	772	2	99.7	5671	75	98.7
Msikkimensis_589599	Msikkimensis_589599_sim_e5	4873	52	98.9	838	2	99.8	5711	54	99.1
Msikkimensis_589599	Msikkimensis_589599_sim_e6	4784	61	98.7	806	5	99.4	5590	66	98.8
Msikkimensis_589750	Msikkimensis_589750_a	35566	1158	96.7	17734	423	97.6	53300	1581	97.0
Msikkimensis_589750	Msikkimensis_589750_b	42676	1121	97.4	20648	527	97.4	63324	1648	97.4
Msikkimensis_589750	Msikkimensis_589750_c	27325	773	97.2	13036	299	97.7	40361	1072	97.3
Msikkimensis_589750	Msikkimensis_589750_e1	447	43	90.4	302	6	98.0	749	49	93.5
Msikkimensis_589750	Msikkimensis_589750_e10	1999	123	93.8	924	26	97.2	2923	149	94.9
Msikkimensis_589750	Msikkimensis_589750_e11	812	38	95.3	425	210	50.6	1237	248	80.0
Msikkimensis_589750	Msikkimensis_589750_e12	9269	130	98.6	4659	2451	47.4	13928	2581	81.5
Msikkimensis_589750	Msikkimensis_589750_e13	1250	81	93.5	653	250	61.7	1903	331	82.6
Msikkimensis_589750	Msikkimensis_589750_e14	6	6	0.0	4	2	50.0	10	8	20.0
Msikkimensis_589750	Msikkimensis_589750_e15	5	2	60.0	7	1	85.7	12	3	75.0
Msikkimensis_589750	Msikkimensis_589750_e16	4365	215	95.1	2888	978	66.1	7253	1193	83.6
Msikkimensis_589750	Msikkimensis_589750_e17	138	15	89.1	80	21	73.8	218	36	83.5
Msikkimensis_589750	Msikkimensis_589750_e18	1720	57	96.7	916	465	49.2	2636	522	80.2
Msikkimensis_589750	Msikkimensis_589750_e19	49212	481	99.0	26938	15492	42.5	76150	15973	79.0
Msikkimensis_589750	Msikkimensis_589750_e2	3473	248	92.9	1812	37	98.0	5285	285	94.6
Msikkimensis_589750	Msikkimensis_589750_e20	4261	86	98.0	2135	1114	47.8	6396	1200	81.2
Msikkimensis_589750	Msikkimensis_589750_e21	9862	315	96.8	5755	1963	65.9	15617	2278	85.4
Msikkimensis_589750	Msikkimensis_589750_e22	16149	259	98.4	8975	4773	46.8	25124	5032	80.0
Msikkimensis_589750	Msikkimensis_589750_e23	23571	490	97.9	13894	6502	53.2	37465	6992	81.3
Msikkimensis_589750	Msikkimensis_589750_e3	1554	83	94.7	688	27	96.1	2242	110	95.1
Msikkimensis_589750	Msikkimensis_589750_e4	125903	2242	98.2	60140	1282	97.9	186043	3524	98.1
Msikkimensis_589750	Msikkimensis_589750_e6	3650	208	94.3	2717	868	68.1	6367	1076	83.1
Msikkimensis_589750	Msikkimensis_589750_e7	408	28	93.1	309	102	67.0	717	130	81.9
Msikkimensis_589750	Msikkimensis_589750_e8	39629	1045	97.4	25946	8950	65.5	65575	9995	84.8
Msikkimensis_589750	Msikkimensis_589750_e9	21273	782	96.3	10718	257	97.6	31991	1039	96.8
Msikkimensis_589750	Msikkimensis_589750_sim_e1	29	0	100.0	6	0	100.0	35	0	100.0
Msikkimensis_589750	Msikkimensis_589750_sim_e2	21	1	95.2	9	0	100.0	30	1	96.7
Msikkimensis_589750	Msikkimensis_589750_sim_e3	20	0	100.0	5	0	100.0	25	0	100.0
Msikkimensis_589750	Msikkimensis_589750_sim_e4	8224	76	99.1	2618	2	99.9	10842	78	99.3
Msikkimensis_589750	Msikkimensis_589750_sim_e5	8462	86	99.0	2615	4	99.8	11077	90	99.2
Msikkimensis_589750	Msikkimensis_589750_sim_e6	8301	76	99.1	2567	2	99.9	10868	78	99.3
Msikkimensis_613912	Msikkimensis_613912_a	10620	473	95.5	5577	110	98.0	16197	583	96.4
Msikkimensis_613912	Msikkimensis_613912_b	4980	231	95.4	2684	58	97.8	7664	289	96.2
Msikkimensis_613912	Msikkimensis_613912_c	9486	418	95.6	5084	86	98.3	14570	504	96.5
Msikkimensis_613912	Msikkimensis_613912_e1	765	68	91.1	482	5	99.0	1247	73	94.1
Msikkimensis_613912	Msikkimensis_613912_e10	30712	1100	96.4	24738	16094	34.9	55450	17194	69.0
Msikkimensis_613912	Msikkimensis_613912_e11	68	27	60.3	34	1	97.1	102	28	72.5
Msikkimensis_613912	Msikkimensis_613912_e12	3982	330	91.7	2503	53	97.9	6485	383	94.1
Msikkimensis_613912	Msikkimensis_613912_e13	5927	1521	74.3	3714	101	97.3	9641	1622	83.2
Msikkimensis_613912	Msikkimensis_613912_e14	50	14	72.0	32	2	93.8	82	16	80.5
Msikkimensis_613912	Msikkimensis_613912_e15	5562	650	88.3	4984	2085	58.2	10546	2735	74.1
Msikkimensis_613912	Msikkimensis_613912_e16	4	1	75.0	1	0	100.0	5	1	80.0
Msikkimensis_613912	Msikkimensis_613912_e17	21717	3474	84.0	11682	359	96.9	33399	3833	88.5
Msikkimensis_613912	Msikkimensis_613912_e18	165	17	89.7	109	2	98.2	274	19	93.1
Msikkimensis_613912	Msikkimensis_613912_e19	14657	569	96.1	11605	7916	31.8	26262	8485	67.7
Msikkimensis_613912	Msikkimensis_613912_e2	400	37	90.8	244	6	97.5	644	43	93.3
Msikkimensis_613912	Msikkimensis_613912_e20	74	20	73.0	45	1	97.8	119	21	82.4
Msikkimensis_613912	Msikkimensis_613912_e21	334	48	85.6	250	9	96.4	584	57	90.2
Msikkimensis_613912	Msikkimensis_613912_e22	619	50	91.9	486	307	36.8	1105	357	67.7
Msikkimensis_613912	Msikkimensis_613912_e23	2953	214	92.8	1838	28	98.5	4791	242	94.9
Msikkimensis_613912	Msikkimensis_613912_e3	1208	333	72.4	783	21	97.3	1991	354	82.2
Msikkimensis_613912	Msikkimensis_613912_e4	1143	325	71.6	784	17	97.8	1927	342	82.3
Msikkimensis_613912	Msikkimensis_613912_e5	1	1	0.0	0	0	NA	1	1	0.0
Msikkimensis_613912	Msikkimensis_613912_e6	321	106	67.0	254	6	97.6	575	112	80.5
Msikkimensis_613912	Msikkimensis_613912_e7	726	69	90.5	434	9	97.9	1160	78	93.3
Msikkimensis_613912	Msikkimensis_613912_e8	22879	5754	74.9	12739	391	96.9	35618	6145	82.7
Msikkimensis_613912	Msikkimensis_613912_sim_e1	11	0	100.0	2	0	100.0	13	0	100.0
Msikkimensis_613912	Msikkimensis_613912_sim_e2	13	0	100.0	4	0	100.0	17	0	100.0
Msikkimensis_613912	Msikkimensis_613912_sim_e3	12	0	100.0	4	0	100.0	16	0	100.0
Msikkimensis_613912	Msikkimensis_613912_sim_e4	5870	88	98.5	1762	9	99.5	7632	97	98.7
Msikkimensis_613912	Msikkimensis_613912_sim_e5	5839	94	98.4	1853	7	99.6	7692	101	98.7
Msikkimensis_613912	Msikkimensis_613912_sim_e6	5792	78	98.7	1776	4	99.8	7568	82	98.9
Mtoringo_590101	Mtoringo_590101_a	3905	185	95.3	6497	76	98.8	10402	261	97.5
Mtoringo_590101	Mtoringo_590101_b	3293	137	95.8	5566	73	98.7	8859	210	97.6
Mtoringo_590101	Mtoringo_590101_c	1811	82	95.5	2579	35	98.6	4390	117	97.3
Mtoringo_590101	Mtoringo_590101_e1	28510	4425	84.5	96335	36351	62.3	124845	40776	67.3
Mtoringo_590101	Mtoringo_590101_e10	20974	1137	94.6	77107	57865	25.0	98081	59002	39.8
Mtoringo_590101	Mtoringo_590101_e11	16382	812	95.0	58667	44197	24.7	75049	45009	40.0
Mtoringo_590101	Mtoringo_590101_e13	25299	2993	88.2	97420	47477	51.3	122719	50470	58.9
Mtoringo_590101	Mtoringo_590101_e14	18477	3131	83.1	55696	17845	68.0	74173	20976	71.7
Mtoringo_590101	Mtoringo_590101_e15	27899	1371	95.1	102502	77724	24.2	130401	79095	39.3
Mtoringo_590101	Mtoringo_590101_e16	23250	1165	95.0	85208	64957	23.8	108458	66122	39.0
Mtoringo_590101	Mtoringo_590101_e17	22091	3043	86.2	72100	34468	52.2	94191	37511	60.2
Mtoringo_590101	Mtoringo_590101_e18	24851	3827	84.6	78006	30604	60.8	102857	34431	66.5
Mtoringo_590101	Mtoringo_590101_e19	14906	1846	87.6	55228	26184	52.6	70134	28030	60.0
Mtoringo_590101	Mtoringo_590101_e2	21346	1049	95.1	76238	59732	21.7	97584	60781	37.7
Mtoringo_590101	Mtoringo_590101_e21	22535	4155	81.6	69109	19458	71.8	91644	23613	74.2
Mtoringo_590101	Mtoringo_590101_e22	18836	826	95.6	66814	52118	22.0	85650	52944	38.2
Mtoringo_590101	Mtoringo_590101_e23	25283	1217	95.2	93586	71860	23.2	118869	73077	38.5
Mtoringo_590101	Mtoringo_590101_e3	16595	713	95.7	56350	44387	21.2	72945	45100	38.2
Mtoringo_590101	Mtoringo_590101_e4	11760	512	95.6	39837	31083	22.0	51597	31595	38.8
Mtoringo_590101	Mtoringo_590101_e5	15924	866	94.6	57771	43876	24.1	73695	44742	39.3
Mtoringo_590101	Mtoringo_590101_e6	17884	2243	87.5	57911	28596	50.6	75795	30839	59.3
Mtoringo_590101	Mtoringo_590101_e8	25457	3334	86.9	84452	43867	48.1	109909	47201	57.1
Mtoringo_590101	Mtoringo_590101_e9	29169	5078	82.6	92885	30578	67.1	122054	35656	70.8
Mtoringo_590101	Mtoringo_590101_sim_e1	51	1	98.0	29	0	100.0	80	1	98.8
Mtoringo_590101	Mtoringo_590101_sim_e2	51	1	98.0	28	1	96.4	79	2	97.5
Mtoringo_590101	Mtoringo_590101_sim_e3	57	0	100.0	29	0	100.0	86	0	100.0
Mtoringo_590101	Mtoringo_590101_sim_e4	9028	99	98.9	10134	12	99.9	19162	111	99.4
Mtoringo_590101	Mtoringo_590101_sim_e5	9372	103	98.9	10001	18	99.8	19373	121	99.4
Mtoringo_590101	Mtoringo_590101_sim_e6	9245	124	98.7	9989	7	99.9	19234	131	99.3
Mtoringo_613932	Mtoringo_613932_a	721	26	96.4	455	9	98.0	1176	35	97.0
Mtoringo_613932	Mtoringo_613932_b	853	31	96.4	575	12	97.9	1428	43	97.0
Mtoringo_613932	Mtoringo_613932_e1	2046	98	95.2	2004	38	98.1	4050	136	96.6
Mtoringo_613932	Mtoringo_613932_e10	32458	1385	95.7	33788	610	98.2	66246	1995	97.0
Mtoringo_613932	Mtoringo_613932_e11	57299	1617	97.2	60470	981	98.4	117769	2598	97.8
Mtoringo_613932	Mtoringo_613932_e12	50243	1440	97.1	52028	871	98.3	102271	2311	97.7
Mtoringo_613932	Mtoringo_613932_e13	32424	1675	94.8	44033	8031	81.8	76457	9706	87.3
Mtoringo_613932	Mtoringo_613932_e14	47453	1024	97.8	59139	15320	74.1	106592	16344	84.7
Mtoringo_613932	Mtoringo_613932_e15	23203	706	97.0	22751	342	98.5	45954	1048	97.7
Mtoringo_613932	Mtoringo_613932_e16	8288	200	97.6	8066	2475	69.3	16354	2675	83.6
Mtoringo_613932	Mtoringo_613932_e17	31902	704	97.8	37918	9702	74.4	69820	10406	85.1
Mtoringo_613932	Mtoringo_613932_e18	24174	559	97.7	28431	7210	74.6	52605	7769	85.2
Mtoringo_613932	Mtoringo_613932_e19	39357	3189	91.9	46502	11142	76.0	85859	14331	83.3
Mtoringo_613932	Mtoringo_613932_e2	7611	319	95.8	7325	149	98.0	14936	468	96.9
Mtoringo_613932	Mtoringo_613932_e20	3665	144	96.1	2757	95	96.6	6422	239	96.3
Mtoringo_613932	Mtoringo_613932_e21	1897	100	94.7	1767	34	98.1	3664	134	96.3
Mtoringo_613932	Mtoringo_613932_e22	3409	139	95.9	2868	55	98.1	6277	194	96.9
Mtoringo_613932	Mtoringo_613932_e23	21896	709	96.8	21881	279	98.7	43777	988	97.7
Mtoringo_613932	Mtoringo_613932_e3	878	56	93.6	826	15	98.2	1704	71	95.8
Mtoringo_613932	Mtoringo_613932_e4	20282	485	97.6	18671	396	97.9	38953	881	97.7
Mtoringo_613932	Mtoringo_613932_e5	46602	1372	97.1	49185	740	98.5	95787	2112	97.8
Mtoringo_613932	Mtoringo_613932_e6	37873	1056	97.2	39217	594	98.5	77090	1650	97.9
Mtoringo_613932	Mtoringo_613932_e8	470	37	92.1	340	13	96.2	810	50	93.8
Mtoringo_613932	Mtoringo_613932_e9	2598	134	94.8	2836	289	89.8	5434	423	92.2
Mtoringo_613932	Mtoringo_613932_sim_e1	22	1	95.5	5	0	100.0	27	1	96.3
Mtoringo_613932	Mtoringo_613932_sim_e2	27	0	100.0	5	0	100.0	32	0	100.0
Mtoringo_613932	Mtoringo_613932_sim_e3	16	0	100.0	6	0	100.0	22	0	100.0
Mtoringo_613932	Mtoringo_613932_sim_e4	6466	72	98.9	3633	2	99.9	10099	74	99.3
Mtoringo_613932	Mtoringo_613932_sim_e5	6592	73	98.9	3417	5	99.9	10009	78	99.2
Mtoringo_613932	Mtoringo_613932_sim_e6	6470	60	99.1	3520	1	100.0	9990	61	99.4
Mtoringo_613945	Mtoringo_613945_a	17929	607	96.6	24331	259	98.9	42260	866	98.0
Mtoringo_613945	Mtoringo_613945_b	38972	1148	97.1	56031	652	98.8	95003	1800	98.1
Mtoringo_613945	Mtoringo_613945_e1	13487	544	96.0	18850	190	99.0	32337	734	97.7
Mtoringo_613945	Mtoringo_613945_e10	29447	1178	96.0	47689	4522	90.5	77136	5700	92.6
Mtoringo_613945	Mtoringo_613945_e11	23650	793	96.6	32286	360	98.9	55936	1153	97.9
Mtoringo_613945	Mtoringo_613945_e12	30236	2612	91.4	47335	4548	90.4	77571	7160	90.8
Mtoringo_613945	Mtoringo_613945_e15	5405	287	94.7	8556	1622	81.0	13961	1909	86.3
Mtoringo_613945	Mtoringo_613945_e16	21986	921	95.8	32200	336	99.0	54186	1257	97.7
Mtoringo_613945	Mtoringo_613945_e17	33453	1137	96.6	47838	527	98.9	81291	1664	98.0
Mtoringo_613945	Mtoringo_613945_e18	24397	993	95.9	38500	3661	90.5	62897	4654	92.6
Mtoringo_613945	Mtoringo_613945_e19	24247	910	96.2	34681	360	99.0	58928	1270	97.8
Mtoringo_613945	Mtoringo_613945_e2	12239	486	96.0	16785	178	98.9	29024	664	97.7
Mtoringo_613945	Mtoringo_613945_e21	19791	784	96.0	28807	278	99.0	48598	1062	97.8
Mtoringo_613945	Mtoringo_613945_e23	12130	441	96.4	16097	158	99.0	28227	599	97.9
Mtoringo_613945	Mtoringo_613945_e3	28100	984	96.5	39022	421	98.9	67122	1405	97.9
Mtoringo_613945	Mtoringo_613945_e5	19005	725	96.2	26542	310	98.8	45547	1035	97.7
Mtoringo_613945	Mtoringo_613945_e6	12384	349	97.2	14491	333	97.7	26875	682	97.5
Mtoringo_613945	Mtoringo_613945_e7	8323	351	95.8	10687	113	98.9	19010	464	97.6
Mtoringo_613945	Mtoringo_613945_e8	31895	1268	96.0	48115	510	98.9	80010	1778	97.8
Mtoringo_613945	Mtoringo_613945_e9	42512	1328	96.9	63160	669	98.9	105672	1997	98.1
Mtoringo_613945	Mtoringo_613945_sim_e1	20	1	95.0	7	0	100.0	27	1	96.3
Mtoringo_613945	Mtoringo_613945_sim_e2	24	2	91.7	7	0	100.0	31	2	93.5
Mtoringo_613945	Mtoringo_613945_sim_e3	34	2	94.1	8	0	100.0	42	2	95.2
Mtoringo_613945	Mtoringo_613945_sim_e4	7194	68	99.1	4362	5	99.9	11556	73	99.4
Mtoringo_613945	Mtoringo_613945_sim_e5	7020	75	98.9	4438	1	100.0	11458	76	99.3
Mtoringo_613945	Mtoringo_613945_sim_e6	7088	77	98.9	4417	6	99.9	11505	83	99.3
Mtoringo_633814	Mtoringo_633814_a	82	3	96.3	71	3	95.8	153	6	96.1
Mtoringo_633814	Mtoringo_633814_b	49	1	98.0	24	3	87.5	73	4	94.5
Mtoringo_633814	Mtoringo_633814_c	140	12	91.4	106	5	95.3	246	17	93.1
Mtoringo_633814	Mtoringo_633814_e1	6693	234	96.5	6844	262	96.2	13537	496	96.3
Mtoringo_633814	Mtoringo_633814_e10	8362	308	96.3	8627	336	96.1	16989	644	96.2
Mtoringo_633814	Mtoringo_633814_e11	7624	278	96.4	7639	290	96.2	15263	568	96.3
Mtoringo_633814	Mtoringo_633814_e12	5256	244	95.4	6172	944	84.7	11428	1188	89.6
Mtoringo_633814	Mtoringo_633814_e13	5600	210	96.2	5569	222	96.0	11169	432	96.1
Mtoringo_633814	Mtoringo_633814_e14	3300	155	95.3	3191	123	96.1	6491	278	95.7
Mtoringo_633814	Mtoringo_633814_e15	20573	534	97.4	21015	939	95.5	41588	1473	96.5
Mtoringo_633814	Mtoringo_633814_e17	8926	324	96.4	9133	345	96.2	18059	669	96.3
Mtoringo_633814	Mtoringo_633814_e18	8983	312	96.5	9038	355	96.1	18021	667	96.3
Mtoringo_633814	Mtoringo_633814_e19	6744	266	96.1	6769	260	96.2	13513	526	96.1
Mtoringo_633814	Mtoringo_633814_e2	7442	298	96.0	7507	286	96.2	14949	584	96.1
Mtoringo_633814	Mtoringo_633814_e20	6266	258	95.9	6333	263	95.8	12599	521	95.9
Mtoringo_633814	Mtoringo_633814_e21	6544	262	96.0	6407	208	96.8	12951	470	96.4
Mtoringo_633814	Mtoringo_633814_e3	8572	282	96.7	8053	355	95.6	16625	637	96.2
Mtoringo_633814	Mtoringo_633814_e4	11300	358	96.8	11106	471	95.8	22406	829	96.3
Mtoringo_633814	Mtoringo_633814_e5	9483	388	95.9	9936	397	96.0	19419	785	96.0
Mtoringo_633814	Mtoringo_633814_e6	12453	427	96.6	13097	504	96.2	25550	931	96.4
Mtoringo_633814	Mtoringo_633814_e8	11448	403	96.5	11293	467	95.9	22741	870	96.2
Mtoringo_633814	Mtoringo_633814_e9	1887	67	96.4	1845	613	66.8	3732	680	81.8
Mtoringo_633814	Mtoringo_633814_sim_e1	19	0	100.0	13	0	100.0	32	0	100.0
Mtoringo_633814	Mtoringo_633814_sim_e2	24	1	95.8	14	0	100.0	38	1	97.4
Mtoringo_633814	Mtoringo_633814_sim_e3	16	1	93.8	18	0	100.0	34	1	97.1
Mtoringo_633814	Mtoringo_633814_sim_e4	7680	45	99.4	5188	4	99.9	12868	49	99.6
Mtoringo_633814	Mtoringo_633814_sim_e5	7847	50	99.4	5245	3	99.9	13092	53	99.6
Mtoringo_633814	Mtoringo_633814_sim_e6	7819	56	99.3	5132	8	99.8	12951	64	99.5
Mtransitoria_633806	Mtransitoria_633806_a	50462	2585	94.9	22768	397	98.3	73230	2982	95.9
Mtransitoria_633806	Mtransitoria_633806_b	61228	2789	95.4	27942	498	98.2	89170	3287	96.3
Mtransitoria_633806	Mtransitoria_633806_e10	26713	955	96.4	11216	137	98.8	37929	1092	97.1
Mtransitoria_633806	Mtransitoria_633806_e11	984	41	95.8	430	124	71.2	1414	165	88.3
Mtransitoria_633806	Mtransitoria_633806_e12	932	26	97.2	362	170	53.0	1294	196	84.9
Mtransitoria_633806	Mtransitoria_633806_e13	5760	165	97.1	3210	1083	66.3	8970	1248	86.1
Mtransitoria_633806	Mtransitoria_633806_e14	3510	81	97.7	1490	721	51.6	5000	802	84.0
Mtransitoria_633806	Mtransitoria_633806_e15	11	2	81.8	5	1	80.0	16	3	81.2
Mtransitoria_633806	Mtransitoria_633806_e16	196	7	96.4	121	52	57.0	317	59	81.4
Mtransitoria_633806	Mtransitoria_633806_e17	4160	117	97.2	2599	1236	52.4	6759	1353	80.0
Mtransitoria_633806	Mtransitoria_633806_e18	2782	68	97.6	1476	452	69.4	4258	520	87.8
Mtransitoria_633806	Mtransitoria_633806_e19	957	66	93.1	490	4	99.2	1447	70	95.2
Mtransitoria_633806	Mtransitoria_633806_e2	13879	160	98.8	6335	2638	58.4	20214	2798	86.2
Mtransitoria_633806	Mtransitoria_633806_e20	5432	322	94.1	2630	35	98.7	8062	357	95.6
Mtransitoria_633806	Mtransitoria_633806_e21	4731	187	96.0	2502	420	83.2	7233	607	91.6
Mtransitoria_633806	Mtransitoria_633806_e22	1697	34	98.0	852	363	57.4	2549	397	84.4
Mtransitoria_633806	Mtransitoria_633806_e23	25468	474	98.1	12098	2662	78.0	37566	3136	91.7
Mtransitoria_633806	Mtransitoria_633806_e3	4684	82	98.2	2017	1053	47.8	6701	1135	83.1
Mtransitoria_633806	Mtransitoria_633806_e4	2900	70	97.6	1422	735	48.3	4322	805	81.4
Mtransitoria_633806	Mtransitoria_633806_e5	943	34	96.4	415	140	66.3	1358	174	87.2
Mtransitoria_633806	Mtransitoria_633806_e6	4646	301	93.5	2204	32	98.5	6850	333	95.1
Mtransitoria_633806	Mtransitoria_633806_e7	54	2	96.3	20	5	75.0	74	7	90.5
Mtransitoria_633806	Mtransitoria_633806_e8	4243	122	97.1	2104	415	80.3	6347	537	91.5
Mtransitoria_633806	Mtransitoria_633806_e9	6400	198	96.9	3303	1429	56.7	9703	1627	83.2
Mtransitoria_633806	Mtransitoria_633806_sim_e1	20	1	95.0	4	0	100.0	24	1	95.8
Mtransitoria_633806	Mtransitoria_633806_sim_e2	22	0	100.0	3	0	100.0	25	0	100.0
Mtransitoria_633806	Mtransitoria_633806_sim_e3	25	0	100.0	3	0	100.0	28	0	100.0
Mtransitoria_633806	Mtransitoria_633806_sim_e4	6042	106	98.2	1508	3	99.8	7550	109	98.6
Mtransitoria_633806	Mtransitoria_633806_sim_e5	6061	112	98.2	1594	8	99.5	7655	120	98.4
Mtransitoria_633806	Mtransitoria_633806_sim_e6	5995	111	98.1	1605	5	99.7	7600	116	98.5
Mxzumi_589840	Mxzumi_589840_a	295	16	94.6	189	7	96.3	484	23	95.2
Mxzumi_589840	Mxzumi_589840_b	222	11	95.0	162	14	91.4	384	25	93.5
Mxzumi_589840	Mxzumi_589840_e1	18448	2119	88.5	56685	28581	49.6	75133	30700	59.1
Mxzumi_589840	Mxzumi_589840_e10	11245	598	94.7	35446	26302	25.8	46691	26900	42.4
Mxzumi_589840	Mxzumi_589840_e11	10189	855	91.6	28722	18851	34.4	38911	19706	49.4
Mxzumi_589840	Mxzumi_589840_e12	15588	2146	86.2	42652	20690	51.5	58240	22836	60.8
Mxzumi_589840	Mxzumi_589840_e13	21012	4315	79.5	49766	13074	73.7	70778	17389	75.4
Mxzumi_589840	Mxzumi_589840_e14	13335	3413	74.4	30445	8232	73.0	43780	11645	73.4
Mxzumi_589840	Mxzumi_589840_e15	15658	678	95.7	46498	36085	22.4	62156	36763	40.9
Mxzumi_589840	Mxzumi_589840_e16	9104	1655	81.8	18935	3360	82.3	28039	5015	82.1
Mxzumi_589840	Mxzumi_589840_e17	4676	216	95.4	12632	9656	23.6	17308	9872	43.0
Mxzumi_589840	Mxzumi_589840_e18	1726	289	83.3	2754	691	74.9	4480	980	78.1
Mxzumi_589840	Mxzumi_589840_e19	8057	399	95.0	22120	17127	22.6	30177	17526	41.9
Mxzumi_589840	Mxzumi_589840_e2	11023	667	93.9	34012	24984	26.5	45035	25651	43.0
Mxzumi_589840	Mxzumi_589840_e20	11425	1385	87.9	32163	17575	45.4	43588	18960	56.5
Mxzumi_589840	Mxzumi_589840_e21	15908	817	94.9	49821	37569	24.6	65729	38386	41.6
Mxzumi_589840	Mxzumi_589840_e22	13866	933	93.3	40931	26732	34.7	54797	27665	49.5
Mxzumi_589840	Mxzumi_589840_e23	18411	2637	85.7	45680	20412	55.3	64091	23049	64.0
Mxzumi_589840	Mxzumi_589840_e3	18908	3379	82.1	41757	7878	81.1	60665	11257	81.4
Mxzumi_589840	Mxzumi_589840_e4	18981	2951	84.5	45017	21537	52.2	63998	24488	61.7
Mxzumi_589840	Mxzumi_589840_e5	17155	1842	89.3	51535	30748	40.3	68690	32590	52.6
Mxzumi_589840	Mxzumi_589840_e6	224	40	82.1	434	100	77.0	658	140	78.7
Mxzumi_589840	Mxzumi_589840_e7	11036	1303	88.2	25304	10758	57.5	36340	12061	66.8
Mxzumi_589840	Mxzumi_589840_e8	12554	771	93.9	40335	29433	27.0	52889	30204	42.9
Mxzumi_589840	Mxzumi_589840_e9	7793	744	90.5	20204	10671	47.2	27997	11415	59.2
Mxzumi_589840	Mxzumi_589840_sim_e1	112	5	95.5	43	0	100.0	155	5	96.8
Mxzumi_589840	Mxzumi_589840_sim_e2	96	3	96.9	57	0	100.0	153	3	98.0
Mxzumi_589840	Mxzumi_589840_sim_e3	112	5	95.5	66	1	98.5	178	6	96.6
Mxzumi_589840	Mxzumi_589840_sim_e4	12277	206	98.3	11367	18	99.8	23644	224	99.1
Mxzumi_589840	Mxzumi_589840_sim_e5	12016	206	98.3	11541	20	99.8	23557	226	99.0
Mxzumi_589840	Mxzumi_589840_sim_e6	12075	210	98.3	11431	12	99.9	23506	222	99.1
Mzhaojiaoensis_633816	Mzhaojiaoensis_633816_a	21233	1127	94.7	59969	538	99.1	81202	1665	97.9
Mzhaojiaoensis_633816	Mzhaojiaoensis_633816_b	28216	1266	95.5	80938	915	98.9	109154	2181	98.0
Mzhaojiaoensis_633816	Mzhaojiaoensis_633816_e10	14361	509	96.5	65280	51580	21.0	79641	52089	34.6
Mzhaojiaoensis_633816	Mzhaojiaoensis_633816_e11	17758	745	95.8	84955	66720	21.5	102713	67465	34.3
Mzhaojiaoensis_633816	Mzhaojiaoensis_633816_e13	10116	390	96.1	44719	35704	20.2	54835	36094	34.2
Mzhaojiaoensis_633816	Mzhaojiaoensis_633816_e16	5190	149	97.1	14190	9749	31.3	19380	9898	48.9
Mzhaojiaoensis_633816	Mzhaojiaoensis_633816_e17	11032	438	96.0	48931	38020	22.3	59963	38458	35.9
Mzhaojiaoensis_633816	Mzhaojiaoensis_633816_e18	16299	703	95.7	78241	61017	22.0	94540	61720	34.7
Mzhaojiaoensis_633816	Mzhaojiaoensis_633816_e19	13642	968	92.9	58128	35385	39.1	71770	36353	49.3
Mzhaojiaoensis_633816	Mzhaojiaoensis_633816_e2	16382	1572	90.4	77046	39512	48.7	93428	41084	56.0
Mzhaojiaoensis_633816	Mzhaojiaoensis_633816_e20	16273	1415	91.3	79453	47157	40.6	95726	48572	49.3
Mzhaojiaoensis_633816	Mzhaojiaoensis_633816_e21	15560	678	95.6	73547	59422	19.2	89107	60100	32.6
Mzhaojiaoensis_633816	Mzhaojiaoensis_633816_e22	15639	705	95.5	76236	60383	20.8	91875	61088	33.5
Mzhaojiaoensis_633816	Mzhaojiaoensis_633816_e23	9827	905	90.8	40493	20677	48.9	50320	21582	57.1
Mzhaojiaoensis_633816	Mzhaojiaoensis_633816_e3	11987	479	96.0	51998	41734	19.7	63985	42213	34.0
Mzhaojiaoensis_633816	Mzhaojiaoensis_633816_e4	17766	1897	89.3	86784	45804	47.2	104550	47701	54.4
Mzhaojiaoensis_633816	Mzhaojiaoensis_633816_e5	11088	1099	90.1	51091	27537	46.1	62179	28636	53.9
Mzhaojiaoensis_633816	Mzhaojiaoensis_633816_e6	12858	1179	90.8	60727	31794	47.6	73585	32973	55.2
Mzhaojiaoensis_633816	Mzhaojiaoensis_633816_e7	16294	690	95.8	77672	62499	19.5	93966	63189	32.8
Mzhaojiaoensis_633816	Mzhaojiaoensis_633816_e8	10102	976	90.3	42736	21485	49.7	52838	22461	57.5
Mzhaojiaoensis_633816	Mzhaojiaoensis_633816_e9	8090	331	95.9	34540	27219	21.2	42630	27550	35.4
Mzhaojiaoensis_633816	Mzhaojiaoensis_633816_sim_e1	106	1	99.1	58	0	100.0	164	1	99.4
Mzhaojiaoensis_633816	Mzhaojiaoensis_633816_sim_e2	106	3	97.2	52	0	100.0	158	3	98.1
Mzhaojiaoensis_633816	Mzhaojiaoensis_633816_sim_e3	96	1	99.0	60	0	100.0	156	1	99.4
Mzhaojiaoensis_633816	Mzhaojiaoensis_633816_sim_e4	10692	160	98.5	13174	6	100.0	23866	166	99.3
Mzhaojiaoensis_633816	Mzhaojiaoensis_633816_sim_e5	10691	184	98.3	13379	5	100.0	24070	189	99.2
Mzhaojiaoensis_633816	Mzhaojiaoensis_633816_sim_e6	10701	180	98.3	13328	2	100.0	24029	182	99.2
